age,402.4402,411.3164,419.3725,426.9674,434.3084,441.6589,449.0336,456.3773,463.731,470.9489,478.1763,485.4096,492.6999,500.1372,507.6631,515.1758,522.9162,530.6671,538.4871,546.48,554.5646,562.7366,571.0028,579.3517,587.8235,596.4751,605.3912,614.1723,623.1971,632.1317,641.3333,650.7905,660.2636,669.8167,679.4728,689.4208,699.0959,708.9966,719.1722,729.2445,739.4175,749.7307,760.0969,770.5285,780.9124,791.3616,801.9366,812.5399,823.1458,833.7513,844.4271,855.1821,865.9494,876.6408,887.2659,897.9865,908.644,919.1763,929.3855,939.86,951.3615,962.2645,972.6346,942.9579,951.0114,959.522,969.39,978.7377,988.4116,998.3749,1008.1683,1017.9846,1028.8063,1037.7646,1047.4312,1057.3804,1067.61,1078.0391,1088.5898,1099.1083,1109.7408,1120.4946,1131.1431,1141.8737,1152.4716,1163.4841,1174.5258,1185.3979,1196.1748,1207.1149,1217.6959,1228.9989,1240.0568,1250.7955,1262.3344,1273.3064,1284.2795,1295.1967,1306.0472,1317.0177,1328.0897,1338.9463,1349.599,1360.8427,1372.719,1383.0083,1394.5247,1405.3883,1416.3103,1427.1056,1438.1699,1448.9209,1459.0675,1469.7003,1480.6201,1491.1978,1501.7793,1512.4137,1523.0071,1533.5645,1544.0302,1554.5801,1565.1215,1575.3931,1585.6315,1595.9795,1606.2433,1616.584,1626.7813,1636.8546,1646.9728,1656.7723,1666.9666,1677.1246,1687.1718,1697.0093,1706.8075,1716.5975,1726.4375,1736.2556,1745.9294,1755.549,1765.2532,1774.9093,1784.4419,1793.6891,1803.366,1812.8206,1822.1488,1831.7412,1841.0494,1850.2787,1859.2976,1868.0181,1878.4633,1886.8109,1895.8464,1904.6282,1914.0479,1923.0891,1931.9916,1940.8306,1949.639,1958.3706,1967.059,1975.7814,1984.5479,1993.2886,2001.8428,2010.4103,2019.0496,2027.476,2035.9952,2044.4224,2052.7573,2061.1379,2069.5388,2077.7517,2086.1008,2094.4077,2102.5481,2110.8167,2118.9553,2127.094,2135.2354,2143.2258,2151.1257,2159.2878,2167.2524,2175.0713,2183.1833,2190.8354,2198.887,2206.5977,2214.3416,2222.1929,2229.7532,2237.6477,2245.2136,2252.8484,2260.6279,2268.0422,2275.7695,2283.2751,2290.573,2298.335,2305.5022,2312.9121,2320.6401,2327.6069,2335.2361,2342.5889,2349.5752,2357.0225,2364.3708,2371.3364,2378.5095,2385.8086,2392.8418,2399.801,2407.3386,2414.1565,2420.9873,2428.4001,2435.3269,2442.1877,2448.9236,2456.3296,2462.813,2469.4155
0,1,0.848070831,0.794650684,0.819279415,0.84069976,0.876927468,0.898366557,0.888940023,0.871650684,0.88492547,0.890181797,0.862934614,0.884220785,0.882110896,0.9052722,0.863341508,0.890070433,0.91856484,0.922646141,0.937528829,0.933344311,0.954181534,0.996382226,0.99698664,0.999617733,1,0.980244528,0.967489841,0.979908697,0.97622165,0.961275484,0.931342403,0.931159947,0.915793973,0.908686227,0.927876354,0.948640971,0.912751806,0.887061861,0.922546138,0.929166119,0.896643414,0.85732552,1,0.910126605,0.923321654,0.91670594,0.872077326,0.886799327,0.907433232,0.896763503,0.888593892,0.869883672,0.874223659,0.860565064,0.81954381,0.820264874,0.799146727,0.640127054,0.677410296,0.750302063,0.830294306,0.855553323,0.576740029,0.671336221,0.73918345,0.834292135,0.857928676,0.874776711,0.85747324,0.853757109,0.850170422,0.848152265,0.858126123,0.872258304,0.886581758,0.891252167,0.888204668,0.901138085,0.886524757,0.797521141,0.592403257,0.619157312,0.691450134,0.745344706,0.839858485,0.849769844,0.866660032,0.889450675,0.908021406,0.923976515,0.909509097,0.903994032,0.939407027,1,1,0.948126779,0.936749159,0.911428101,0.893686867,0.833447658,0.752137858,0.334666509,0.005370911,0.000722799,0.012054236,0.035135323,0.046311383,0.123480636,0.203464814,0.240652417,0.350241648,0.638109071,0.583159683,0.667097608,0.798716435,0.85943225,0.908508352,0.931108374,0.906292379,0.900510233,0.900531158,0.908597945,0.91563514,0.929796577,0.930663086,0.928000846,0.924452238,0.919164122,0.920111048,0.919137209,0.927947482,0.925897866,0.931413673,0.929954118,0.936195474,0.941460216,0.951706448,0.95879091,0.959112863,0.945335623,0.948429789,0.922113234,0.891517783,0.842785167,0.751122432,0.370112126,0.238002684,0.130352854,0.03501608,0.003600952,0.003474073,0.006274195,0.003386651,0.009449075,0.030389458,0.020429488,0,0.020011466,0.067483283,0.107048869,0.17309133,0.205651204,0.549175314,0.754235994,0.832488955,0.873395859,0.94773124,0.693343609,0.776755166,0.807164725,0.963452822,0.980985292,1,0.917842159,1,0.942773004,0.977552192,0.960039453,0.943193693,0.93861385,0.931703485,0.948490335,0.946869027,0.954856209,0.967413161,0.975933549,0.961803128,0.967593208,0.951273564,0.936762346,0.924125179,0.898901244,0.884107304,0.903756931,0.921614485,0.932033723,0.935253615,0.942761169,0.936051791,0.962071051,0.977164666,0.971853393,0.995888021,0.999221297,0.992286981,1,0.987539134,0.903762418,1,0.988932708,0.97271557,0.952648562,0.800755699,0.840087703,0.730252683,0.786868084,0.80580704,0.863428569,0.931039747,0.889449728,0.832759183,0.846956052,0.970181654,0.847431549,0.934316299,0.718299308,0.921149163,1,1
3.369999886,1,0.841980103,0.754040558,0.790585595,0.78711841,0.842786156,0.879830938,0.876424395,0.862362418,0.876656089,0.886328366,0.859577549,0.881645515,0.883609683,0.903686984,0.863345049,0.885494736,0.915138119,0.919124616,0.930073147,0.926714309,0.945730356,0.990226763,0.992800494,1,1,0.985992112,0.97445701,0.99373133,0.988992464,0.978268234,0.948591489,0.945718895,0.93227308,0.930355895,0.955442025,0.966743594,0.936729828,0.907557122,0.924773174,0.928417719,0.903969013,0.884559456,1,0.921839446,0.92880926,0.925843196,0.890406448,0.89165366,0.90879891,0.902753539,0.893224959,0.874303515,0.877050913,0.872729601,0.830851141,0.824647261,0.799320463,0.678738115,0.675085169,0.760129525,0.825583713,0.858158333,0.602940266,0.693716246,0.734871659,0.828985426,0.85816008,0.875623714,0.861892823,0.851797767,0.858237591,0.868940303,0.878274266,0.876554755,0.883481274,0.886883609,0.884590323,0.899414979,0.89229084,0.825209608,0.642601975,0.601800286,0.71653908,0.7400311,0.840194402,0.861941866,0.869865434,0.887792037,0.901304809,0.915465699,0.901125792,0.891286794,0.925863512,0.999080642,1,0.94315982,0.934405786,0.912997423,0.896817374,0.842567824,0.779728856,0.409773049,0.071164379,0.000745226,0.006328302,0.022700809,0.093126033,0.117238115,0.205931894,0.250434673,0.332293675,0.66147595,0.608616368,0.665559656,0.78660146,0.856400324,0.906721906,0.933294026,0.910614881,0.900347215,0.899013638,0.91029964,0.915139233,0.928875273,0.935982316,0.935248915,0.929764315,0.926127175,0.927882134,0.923591086,0.931782104,0.927724077,0.929926123,0.92500419,0.928199348,0.933163678,0.939065369,0.945620894,0.953226194,0.937162103,0.948672564,0.933961027,0.913242916,0.870057531,0.803629982,0.413227699,0.265154686,0.145226362,0.037825937,0.003777234,0.001460529,0.009121381,0,0.013514742,0.042222137,0.025184993,0.000806339,0.02778808,0.082838569,0.121321704,0.17492558,0.220765361,0.569289676,0.755140259,0.849822646,0.8824982,0.993604599,0.775560033,0.802994811,0.797565376,0.962429549,0.973786624,1,0.924441781,0.998226393,0.934607179,0.961343349,0.946946402,0.928484234,0.915478839,0.910432211,0.928270223,0.929685435,0.93699391,0.951756535,0.967974978,0.95699082,0.965252278,0.958058138,0.957057536,0.948485486,0.936862076,0.91967897,0.937762757,0.955318723,0.958513916,0.955533524,0.955821415,0.94427673,0.963791963,0.975171265,0.968651501,0.984840506,1,0.98379294,0.989135069,0.987745974,0.913400975,1,1,0.982739317,0.970327428,0.78992302,0.850757171,0.729705968,0.789491603,0.807765101,0.851394304,0.936484514,0.900671696,0.855486677,0.817745866,0.961659315,0.841064654,0.935123143,0.746917958,0.836477684,1,1
5.106669903,1,0.854343244,0.795003515,0.819617879,0.834698098,0.87529984,0.900529495,0.893000372,0.876323479,0.887688536,0.896815504,0.868320098,0.888670552,0.886817405,0.908443482,0.86574752,0.890212608,0.917273012,0.919497618,0.933313921,0.929606581,0.949426733,0.992515331,0.994747106,0.999886852,1,0.982723688,0.970821177,0.985636395,0.982462205,0.969492629,0.941105181,0.939602769,0.924764553,0.918921988,0.93913724,0.956580412,0.920726353,0.893148221,0.923058063,0.929257824,0.899869042,0.865577327,1,0.914358141,0.9260076,0.921268427,0.879690297,0.890213491,0.910947014,0.901839411,0.893472698,0.874728347,0.879563166,0.867674116,0.826829502,0.825155583,0.802629674,0.654719792,0.680409777,0.759147313,0.834383536,0.863032379,0.578356742,0.675419456,0.737237315,0.833689864,0.862343821,0.878612107,0.861841016,0.85742166,0.857317413,0.859646384,0.867892988,0.877961167,0.890195649,0.894322546,0.890916508,0.905047483,0.892450572,0.81082525,0.605351467,0.612717852,0.696476598,0.740473094,0.840820771,0.853534891,0.868177973,0.889121013,0.905751792,0.920807011,0.906267558,0.899593842,0.935732098,1,1,0.945460712,0.935145673,0.909988062,0.893254748,0.834710299,0.759423458,0.354014402,0.001172679,0,0.011036702,0.037756188,0.075889708,0.111948265,0.200358204,0.236794633,0.338730305,0.64232381,0.585618818,0.660853399,0.79324925,0.858079892,0.907514904,0.930987803,0.906266042,0.899672528,0.899026177,0.907817906,0.91380412,0.92820827,0.930226791,0.927615338,0.923060261,0.91838736,0.919670707,0.916920808,0.925765057,0.923301744,0.9280407,0.924942963,0.930864261,0.934876781,0.943976347,0.951293168,0.952483815,0.937885795,0.943627701,0.920307161,0.891404053,0.842665711,0.759942,0.373089358,0.237295339,0.129135869,0.033601257,0.004857587,0.004236519,0.008452561,0.005086103,0.012804916,0.034328657,0.022741358,0.001902553,0.023179316,0.071718603,0.108872761,0.170159855,0.2072126,0.550382495,0.754314986,0.837160838,0.874241571,0.959861112,0.707652779,0.776073207,0.801650137,0.962938292,0.977286281,1,0.917773695,1,0.941050756,0.974232357,0.958611941,0.941325438,0.934580564,0.92894852,0.947168918,0.945627349,0.953766668,0.967622327,0.977884397,0.96346512,0.970895618,0.958803505,0.95100595,0.943706106,0.924175863,0.9100732,0.928328873,0.943462694,0.949680915,0.9486635,0.953739628,0.942608966,0.966372942,0.979513359,0.97382166,0.995463204,0.999607485,0.991232002,0.997998092,0.992740077,0.907450412,1,0.993825485,0.979604881,0.962534625,0.800569297,0.851293292,0.735170203,0.794155743,0.807670452,0.865122467,0.933925974,0.896096072,0.84112561,0.839435296,0.975216776,0.851627439,0.942409782,0.727205054,0.890564171,1,1
5.300000191,1,0.850783609,0.793422957,0.813337416,0.833993755,0.868001157,0.890462049,0.878699212,0.861520766,0.87557821,0.876642351,0.849966107,0.868953216,0.867552972,0.887587569,0.846574884,0.873944045,0.901913988,0.906901888,0.922916463,0.921171182,0.946005917,0.991238788,0.994378366,0.998035901,1,0.982838614,0.972708,0.986175154,0.984661512,0.970736224,0.942659088,0.945055418,0.931582089,0.924678245,0.942186117,0.959800709,0.917552447,0.889921272,0.92535653,0.929398498,0.892993426,0.855162498,1,0.90495562,0.91853679,0.910589287,0.863918232,0.881056973,0.901051928,0.88807279,0.880199374,0.862315148,0.866190212,0.850797451,0.811243243,0.814169194,0.79253893,0.629557553,0.675527351,0.745991796,0.825144117,0.847080898,0.578169998,0.67141989,0.743875228,0.836601765,0.858569965,0.875839443,0.856916508,0.853167191,0.846860483,0.839352478,0.846490089,0.863337438,0.878689416,0.883697255,0.880729533,0.893738702,0.880124426,0.794744707,0.58997809,0.626595834,0.690579733,0.753915907,0.844809209,0.850367987,0.868767024,0.891899045,0.911249889,0.926742788,0.911424668,0.905900617,0.940788674,1,0.998327901,0.945625405,0.934866681,0.911930489,0.896292888,0.840612519,0.762736991,0.331341831,0,0.014445896,0.027587867,0.059718739,0.033244391,0.129909797,0.218837782,0.256972412,0.373858238,0.654555204,0.601040774,0.688101511,0.82336913,0.880608813,0.927870574,0.949214776,0.922534505,0.91614337,0.915193562,0.923282508,0.930044608,0.942426923,0.942191724,0.938997253,0.933838321,0.927195101,0.92792241,0.92739919,0.93559277,0.934346341,0.939572635,0.938190057,0.944739556,0.950804928,0.962373888,0.970236257,0.969374194,0.95546081,0.957993962,0.929893408,0.897446957,0.849207742,0.754281386,0.380207714,0.24995004,0.141997882,0.044198749,0.009391821,0.008925656,0.012524844,0.007170174,0.012848723,0.032790256,0.023690842,0.003788356,0.021828721,0.066158152,0.10918533,0.178785829,0.212525272,0.551445077,0.754491935,0.828923192,0.870169001,0.944418567,0.693321788,0.791400631,0.808374027,0.961935958,0.978655909,1,0.918691088,1,0.940550125,0.973206044,0.957018622,0.939252712,0.934655859,0.925947279,0.942252448,0.940559972,0.948753168,0.960128593,0.966861137,0.951762526,0.954793612,0.934495428,0.913430692,0.896646822,0.865484245,0.848914558,0.864239418,0.883379495,0.899196547,0.908210193,0.923402689,0.92210086,0.953420344,0.96755605,0.962606823,0.990130205,0.992457474,0.990031015,0.999581727,0.984545482,0.9021051,1,0.985473606,0.970306156,0.950744004,0.801992892,0.837582655,0.732609939,0.788223003,0.808264516,0.866268501,0.932406575,0.890686366,0.832703743,0.850949407,0.968006489,0.84703138,0.93308156,0.715592406,0.932206895,1,1
5.400000095,1,0.857750218,0.796919231,0.819431355,0.822717361,0.856297554,0.880138245,0.874297978,0.85912144,0.870127918,0.876557054,0.849974724,0.866032931,0.865286004,0.886940912,0.846654086,0.870065516,0.898609425,0.903765493,0.918688408,0.918048904,0.940606335,0.986454486,0.990660376,0.999142947,1,0.984489194,0.971769658,0.986792523,0.982347532,0.969651499,0.93861501,0.936889327,0.922165878,0.91743364,0.941195507,0.958688769,0.928386227,0.902657398,0.927039491,0.93191856,0.903523219,0.87302224,1,0.9196197,0.929468725,0.924899024,0.887073873,0.893380025,0.912510681,0.904911917,0.89625034,0.877539304,0.881834605,0.873249534,0.832437312,0.82925812,0.804672543,0.670051549,0.681916639,0.762258476,0.832729069,0.863416756,0.598612831,0.690794241,0.741623549,0.836305922,0.865513682,0.880619645,0.865202909,0.86064903,0.863034394,0.869536002,0.878936658,0.883555764,0.893065822,0.896887383,0.894502149,0.909204092,0.899558743,0.824114586,0.629192175,0.613724244,0.712434545,0.743471862,0.844682988,0.863458255,0.874873462,0.894956177,0.909365452,0.92330601,0.908544979,0.899762816,0.934990196,1,1,0.946431086,0.936942293,0.912165204,0.895612639,0.837374092,0.768294695,0.381762459,0.044973375,0,0.007623915,0.026756494,0.077383539,0.112009267,0.198351565,0.23787729,0.330774667,0.648716955,0.593367936,0.658619267,0.7844633,0.850122253,0.899786195,0.924842237,0.900784442,0.893157819,0.892501486,0.901839936,0.906462114,0.920326709,0.92493992,0.921916284,0.917080753,0.912837596,0.913992398,0.910047162,0.9192244,0.916759066,0.920815678,0.917138014,0.922661778,0.928494251,0.936350852,0.942781907,0.94723008,0.931010314,0.93874319,0.9187229,0.893816046,0.847099464,0.773761312,0.383174703,0.244035062,0.133746739,0.034726559,0.005102903,0.004051122,0.009696857,0.002648648,0.014367038,0.03806185,0.025394384,0.002410381,0.026476274,0.077494865,0.115606226,0.16946194,0.209215086,0.546087989,0.744815876,0.833114338,0.869634254,0.964839496,0.720574068,0.761328188,0.788657623,0.955926958,0.974422425,1,0.91797623,1,0.941654171,0.974142943,0.96146261,0.944073724,0.936055038,0.930547236,0.947060187,0.945012199,0.952952824,0.96638739,0.978283353,0.963771313,0.968887397,0.956967798,0.949268982,0.938651284,0.919699059,0.903047002,0.921672547,0.937714622,0.944115872,0.944070238,0.949141971,0.939721204,0.962328282,0.980636826,0.972442847,0.994917137,1,0.989496848,0.997549643,0.994895002,0.910129662,1,1,0.982051822,0.963307337,0.794293911,0.850861222,0.729953402,0.789573434,0.802611327,0.852560122,0.929964336,0.891359252,0.83545808,0.819484405,0.96348831,0.842009608,0.937515929,0.727404826,0.86126026,1,1
6.25,1,0.854505936,0.790516685,0.815027293,0.835247404,0.870851869,0.897984513,0.891252934,0.875206336,0.891641179,0.899010832,0.869378268,0.890497983,0.888063135,0.910028633,0.866338617,0.889302917,0.914647112,0.917181716,0.931444641,0.927731272,0.948321725,0.992742617,0.994707483,0.999773003,1,0.985241849,0.975010585,0.991302151,0.989710444,0.978252257,0.956983477,0.951511534,0.938647466,0.934015066,0.952995657,0.966366621,0.927870259,0.897140171,0.925040851,0.930321009,0.902430405,0.86730806,1,0.914532339,0.926972261,0.921882214,0.879791029,0.890427337,0.91064994,0.901335488,0.892645281,0.873699128,0.878523115,0.867411316,0.827138608,0.825475424,0.806232799,0.656115201,0.682587523,0.757648008,0.835194059,0.860764446,0.583686043,0.680032411,0.743269337,0.838955301,0.866195732,0.882281835,0.865721601,0.861710348,0.859559459,0.85854247,0.864468327,0.875058352,0.887870465,0.892523668,0.889139431,0.902336382,0.890360469,0.81260455,0.608413345,0.619915726,0.699778118,0.747633023,0.845396394,0.855281598,0.869569339,0.890849081,0.908048742,0.922366694,0.906842647,0.900234401,0.936492069,1,0.998623051,0.942715255,0.931889264,0.908364548,0.893346747,0.839241347,0.764697696,0.357778072,0,0.013362748,0.027997926,0.064739071,0.096797104,0.119730948,0.216272344,0.253257155,0.35770222,0.65177223,0.59646283,0.672819634,0.804797069,0.867515063,0.914423539,0.935356789,0.909753684,0.901807065,0.900671685,0.908148021,0.915307844,0.92756889,0.929489745,0.926430378,0.919954212,0.914848341,0.916016311,0.913856154,0.921821318,0.91970699,0.923864086,0.921493164,0.927814028,0.932497132,0.941911612,0.950491363,0.95082889,0.936597193,0.941278047,0.917720108,0.88922369,0.841941558,0.760067955,0.386969878,0.252760292,0.142099376,0.042243596,0.011564972,0.010883165,0.014832631,0.010626726,0.016572274,0.039842086,0.027961695,0.005988538,0.026240628,0.074490863,0.114686475,0.181774104,0.219620058,0.563013228,0.761611786,0.838448655,0.876328645,0.961012994,0.720769365,0.794930072,0.812852675,0.963384845,0.975047172,1,0.920703469,1,0.940468124,0.970247638,0.95537761,0.936811874,0.931673787,0.925732989,0.944208443,0.942763044,0.949053044,0.961723902,0.974508488,0.9592748,0.967190813,0.95479621,0.946415097,0.937018652,0.917969629,0.902673399,0.921790433,0.936665202,0.94210101,0.941304797,0.944189758,0.933762066,0.959571259,0.97586751,0.968404747,0.995187906,0.997748445,0.990476741,0.997693619,0.989862753,0.907778472,1,0.99330421,0.978631081,0.96426192,0.803041032,0.851125138,0.736903971,0.795709729,0.809164886,0.864422983,0.930981482,0.896166111,0.840544205,0.843209244,0.970060008,0.860734274,0.934363392,0.736023646,0.902371781,1,1
7.690000057,1,0.857894611,0.798983416,0.820581501,0.822994185,0.857692134,0.881802008,0.875169484,0.859487726,0.869879348,0.876847412,0.850427276,0.867683148,0.867342413,0.888979102,0.849459142,0.87278637,0.901839171,0.906458328,0.921340875,0.920184976,0.94258709,0.987743416,0.991585394,0.999461942,1,0.984383618,0.971939537,0.986877424,0.9829118,0.970655015,0.940397287,0.939478943,0.924905116,0.920462096,0.942221899,0.958589483,0.927330667,0.900887143,0.926722196,0.932330986,0.904698786,0.872826298,1,0.918914092,0.928880069,0.924001491,0.885216603,0.892235523,0.911909866,0.903565348,0.894820369,0.876065622,0.880408608,0.871185334,0.830522175,0.82749114,0.804133743,0.665895615,0.68108672,0.759797469,0.831248841,0.861749861,0.594527789,0.687278293,0.740279887,0.834964411,0.864175514,0.87939589,0.86410122,0.859685779,0.86091788,0.866442202,0.875431691,0.881714957,0.891920874,0.895876286,0.893447923,0.907700487,0.897583036,0.820859827,0.622995028,0.613789397,0.708787467,0.74203544,0.843336192,0.861035201,0.873240615,0.89407903,0.908947615,0.923412565,0.90854503,0.900364957,0.935769451,1,1,0.946688538,0.937214605,0.912539789,0.895985925,0.837244841,0.767119223,0.376632279,0.041975265,0,0.00846399,0.028929504,0.075166402,0.110943999,0.197347607,0.236728041,0.332261542,0.648962581,0.593613919,0.66145301,0.788715281,0.854611624,0.90418105,0.92929702,0.905271566,0.898123767,0.897400389,0.90677247,0.911671595,0.925631873,0.929561227,0.926499113,0.921495661,0.916991363,0.917906584,0.91448879,0.923487643,0.921198746,0.925191826,0.922151799,0.927490377,0.93143274,0.940868322,0.94700782,0.949805585,0.934338093,0.941970796,0.920963124,0.895463912,0.848347269,0.772829793,0.380655717,0.242076445,0.132829562,0.034527355,0.005601951,0.004649863,0.009549931,0.002886957,0.014191162,0.036426975,0.024820724,0.002331512,0.025401905,0.075724491,0.11269777,0.168223155,0.207528717,0.546990881,0.744034675,0.831140475,0.867366071,0.962633113,0.720077056,0.766210088,0.793438167,0.957053123,0.975019422,1,0.918688345,1,0.941362945,0.974242999,0.960751492,0.943322332,0.935198234,0.930040825,0.94649247,0.945103709,0.952304134,0.965731583,0.977335728,0.962153658,0.96649675,0.952904078,0.942635289,0.929759009,0.9101044,0.894826674,0.91430246,0.931290465,0.940591213,0.94148586,0.948821891,0.939984578,0.963059447,0.980264395,0.971604237,0.994758922,1,0.990403694,0.997868464,0.993891462,0.909466149,1,0.999817947,0.981928384,0.96199383,0.794548592,0.847811534,0.72808982,0.789132071,0.80353561,0.856039249,0.931038889,0.892621331,0.836164399,0.820760575,0.962517989,0.839591233,0.932646466,0.72325135,0.866500037,1,1
11,1,0.85878459,0.760025169,0.799161335,0.823197144,0.878480508,0.903519983,0.897715114,0.880584136,0.904610905,0.917219003,0.887255135,0.901789709,0.896092166,0.92069109,0.874719451,0.902086816,0.93471484,0.939669898,0.953271073,0.94143007,0.957115266,0.996171884,0.990597334,0.990636008,0.98801869,0.963189007,0.946468883,0.957502871,0.949796194,0.932105956,0.895087172,0.887145306,0.867017581,0.862889521,0.886047501,0.914103443,0.892721492,0.879789799,0.915302554,0.925648418,0.901545792,0.870645909,1,0.914804361,0.928940326,0.925891786,0.885314167,0.896918035,0.918166438,0.909744027,0.902408682,0.885307598,0.891774565,0.8824893,0.842528518,0.840661963,0.816241355,0.673406465,0.686840885,0.764585026,0.836891477,0.86748981,0.591408208,0.69094253,0.753994329,0.841654373,0.869027508,0.886143541,0.870231581,0.866827867,0.868511253,0.872945756,0.884697001,0.895350675,0.908700772,0.914445767,0.912553254,0.923294064,0.912614871,0.82577141,0.625702777,0.625264218,0.704829626,0.74545694,0.838176467,0.848350771,0.859587874,0.879192166,0.897265873,0.914065657,0.90146882,0.895414807,0.933889515,1,1,0.944473005,0.936434034,0.911460524,0.893379107,0.831627679,0.753036837,0.359884888,0,0.00160824,0.011981984,0.030375673,0.067970582,0.133225519,0.211161854,0.245531529,0.3379448,0.597771301,0.552531119,0.623118898,0.744411884,0.805941171,0.857662569,0.88476695,0.863550538,0.861112285,0.864758047,0.877870536,0.887085018,0.903836678,0.910235728,0.913103929,0.911790038,0.907987006,0.910992914,0.912138604,0.921410386,0.919265905,0.922397504,0.919464835,0.924952223,0.929378923,0.935300522,0.941810433,0.945287819,0.933528609,0.940013507,0.920519554,0.897544438,0.854636148,0.773950337,0.409168121,0.274235102,0.15732339,0.048478414,0.010958923,0.010574275,0.015789887,0.007285091,0.01943181,0.051193386,0.033733967,0.009938097,0.034207869,0.096118683,0.135775876,0.199459553,0.228613031,0.577963891,0.765944268,0.839644771,0.870823545,0.960389672,0.73272052,0.823257372,0.833014324,0.976450346,0.981702006,1,0.922756612,1,0.945162386,0.96878937,0.946706768,0.928921502,0.925539649,0.918137174,0.931495156,0.936672965,0.943869075,0.960917411,0.974396955,0.963966333,0.967733152,0.962449603,0.957497863,0.953219928,0.942448825,0.92558178,0.949907136,0.963476548,0.971210056,0.964059333,0.9627132,0.949914618,0.970201026,0.980083674,0.973655816,0.991103177,1,0.987790786,0.992974524,0.982789653,0.907007942,1,0.991005643,0.978284651,0.957066713,0.796424859,0.840866599,0.739885518,0.801064261,0.810563392,0.865549615,0.943906317,0.907678469,0.846446938,0.849171565,0.979503181,0.86017552,0.927363419,0.736971979,0.906728702,1,1
11.32999992,1,0.834777872,0.779127389,0.802438962,0.83413485,0.871319413,0.891784971,0.878723568,0.860771194,0.873419826,0.877588614,0.849496211,0.871175636,0.868448475,0.890430855,0.84824077,0.875019283,0.902579529,0.907877955,0.924682835,0.922772309,0.947086095,0.991881915,0.995179198,0.997903798,1,0.981890923,0.972049178,0.984665334,0.983508027,0.969508131,0.941786554,0.944940233,0.93104425,0.924252318,0.940716729,0.959373869,0.916157965,0.887009786,0.924762029,0.93017555,0.89496441,0.851959356,1,0.905033933,0.919062814,0.911121931,0.862486371,0.881523734,0.902047181,0.889410293,0.881652594,0.863022883,0.867323125,0.850801219,0.810154746,0.813230781,0.793969753,0.623663441,0.675175327,0.743188551,0.827835707,0.848791225,0.565877825,0.661017595,0.740646083,0.83658767,0.855880324,0.872775343,0.853203417,0.849508945,0.841370211,0.832961614,0.841904781,0.860944501,0.877630838,0.882586217,0.879719968,0.89132257,0.874229621,0.778713633,0.576365996,0.628265283,0.68592895,0.755901724,0.842439994,0.846936521,0.866602331,0.891138292,0.911964915,0.928334265,0.91340517,0.908710523,0.943016322,1,0.998647153,0.948554682,0.936042255,0.911122052,0.893470871,0.834060193,0.750007685,0.313329398,0,0.009476552,0.022969554,0.046119773,0.027257764,0.13841745,0.219363921,0.256392711,0.378726848,0.650072419,0.594561696,0.690749212,0.827257687,0.880736912,0.92841618,0.94870473,0.922922974,0.917140571,0.91681649,0.9236337,0.931801456,0.944773358,0.943031616,0.940400804,0.936220652,0.929687933,0.929898273,0.930382603,0.938372824,0.93616478,0.941655408,0.940563437,0.94671128,0.952401891,0.963766953,0.971024585,0.970901055,0.958788512,0.959433504,0.930814497,0.897447068,0.847927378,0.743791648,0.372346802,0.245020515,0.138903432,0.043255401,0.009701412,0.011081512,0.011237049,0.008798468,0.013117385,0.033939438,0.024683341,0.005385106,0.023519289,0.068439535,0.110464877,0.180699989,0.210627796,0.555384877,0.76021868,0.831708501,0.874107592,0.934896523,0.678605122,0.791620869,0.821318335,0.969167701,0.983427893,0.99672269,0.9168501,1,0.944555565,0.97884911,0.957265821,0.940391907,0.936462666,0.927746382,0.943206893,0.941959474,0.949498565,0.962481664,0.967429989,0.952309088,0.956350262,0.933862394,0.912448776,0.894177668,0.862368726,0.846650832,0.864602212,0.884647556,0.901100919,0.911201759,0.925529326,0.925019246,0.955322957,0.96818866,0.963729277,0.98902171,0.992237801,0.989914402,1,0.980785989,0.899890467,1,0.982482881,0.966919031,0.946892932,0.803765488,0.832559948,0.73025495,0.786723342,0.808309877,0.872590543,0.933599732,0.892284278,0.833920818,0.863971218,0.969063347,0.85272573,0.931362074,0.71541744,0.952074205,0.995614864,1
16.45000076,1,0.851547287,0.78353073,0.807202947,0.808461068,0.847541956,0.874784428,0.871195949,0.854834111,0.867287076,0.876044365,0.848802623,0.867490778,0.86756473,0.890080646,0.849189405,0.872406643,0.901944512,0.907125139,0.921852505,0.920740033,0.942432423,0.988282224,0.991924087,0.999792646,1,0.985297976,0.973225616,0.989447785,0.985318669,0.973742307,0.943388411,0.941771748,0.927315374,0.923740367,0.946998091,0.961574726,0.93030519,0.902520624,0.92528871,0.930592024,0.904628183,0.875658566,1,0.920840746,0.929966794,0.925651326,0.887647112,0.892470219,0.911715136,0.9041458,0.894717354,0.875555702,0.87940221,0.871644699,0.829938619,0.825784287,0.802153049,0.667943146,0.678206869,0.759018874,0.828797444,0.860493585,0.592636993,0.684615909,0.735053446,0.82917377,0.86000741,0.874584572,0.860478491,0.855216871,0.857967234,0.86526598,0.874502204,0.87841967,0.887032403,0.89080621,0.888374535,0.902841949,0.89386449,0.820827755,0.626798618,0.606176326,0.707913812,0.737468436,0.839671,0.860082107,0.87097559,0.891344315,0.905582851,0.920146811,0.905688585,0.897204566,0.932763742,1,1,0.945579914,0.936623067,0.912849027,0.896799685,0.838947381,0.772375592,0.386561112,0.057833927,0,0.007323455,0.027862571,0.081906435,0.110852194,0.198902122,0.239529933,0.33156498,0.655266951,0.600053293,0.663992487,0.791113494,0.85809184,0.908081846,0.934342357,0.910242161,0.901619765,0.901018629,0.910768713,0.915083622,0.928912505,0.933844394,0.931087608,0.925306574,0.921532306,0.922583514,0.918919368,0.927066765,0.924058662,0.927489054,0.92327273,0.928074659,0.931170226,0.940012313,0.945840059,0.950173646,0.934700055,0.943690001,0.924135008,0.900664466,0.853529846,0.781361079,0.38699762,0.24544313,0.135433048,0.033593028,0.004350684,0.003424066,0.009009641,0.002150166,0.013496581,0.037218697,0.024304419,0.001408163,0.02547291,0.075921338,0.114032917,0.168758195,0.211099908,0.549331917,0.749555489,0.837594612,0.87450727,0.977260849,0.732756659,0.774916478,0.792361086,0.958624697,0.974684003,1,0.919070681,1,0.940704759,0.970963776,0.958819533,0.940957513,0.933362363,0.928426335,0.945499334,0.943281182,0.95104861,0.964859287,0.979066116,0.968069931,0.974028477,0.964932574,0.960334417,0.951136183,0.933604959,0.915687371,0.932848733,0.945981982,0.950083066,0.94854679,0.952438032,0.940622115,0.962494567,0.979633162,0.969403653,0.991573006,0.998144316,0.988353234,0.995854376,0.992959152,0.910624074,1,1,0.981401961,0.964889043,0.792413287,0.850897642,0.730454533,0.789938023,0.803343136,0.85263971,0.929531364,0.894103245,0.840041538,0.818664225,0.963514299,0.841358981,0.937563263,0.727601555,0.857082379,1,1
16.47999954,1,0.773363781,0.685057379,0.727315769,0.754100678,0.831380754,0.867227173,0.865284974,0.846588128,0.86409033,0.884236324,0.847493914,0.873319692,0.872250868,0.900846126,0.850372119,0.878755099,0.911889017,0.916733187,0.932186114,0.925632283,0.943968494,0.990048502,0.988417094,0.99391177,0.990523284,0.969502173,0.952628513,0.967418694,0.959613742,0.943686922,0.908231286,0.9029063,0.8858643,0.882936217,0.9116346,0.932448924,0.909144087,0.891202459,0.917309035,0.926053709,0.903986002,0.881462508,1,0.916683853,0.928444563,0.925906734,0.889053112,0.893128985,0.913797257,0.90810378,0.900597775,0.882410993,0.887758929,0.882671893,0.841501526,0.836786778,0.815331481,0.680986434,0.680957711,0.760616601,0.829796582,0.860437297,0.602422525,0.700494645,0.753803976,0.843309478,0.872165125,0.885010665,0.869509831,0.86461017,0.86594752,0.871827357,0.881770003,0.888312214,0.900002042,0.904334004,0.901372118,0.915750027,0.906695001,0.832422685,0.638127692,0.615937002,0.712907438,0.743539065,0.838567737,0.853553991,0.861813451,0.880158658,0.895298742,0.909224248,0.894848073,0.887408971,0.926189009,1,1,0.941336282,0.933768824,0.911994263,0.896284435,0.841358496,0.773854818,0.391588082,0.073531391,0.002639667,0.013963402,0.041171523,0.101799442,0.129393529,0.219311699,0.255652602,0.344528427,0.618979828,0.573526062,0.637110491,0.754997614,0.820039081,0.871337817,0.898492523,0.877415574,0.87208697,0.873487855,0.88706521,0.89671,0.910772532,0.919513054,0.922645875,0.919091406,0.917217056,0.921363498,0.920450273,0.929605887,0.927669412,0.930349313,0.926088467,0.930831821,0.93325517,0.940305442,0.946429636,0.953034653,0.940357233,0.949358746,0.932403725,0.916409896,0.873656678,0.803587858,0.439724761,0.297017893,0.171935434,0.045791732,0.003882981,0.003452597,0.012820335,0.000557637,0.016518851,0.051161793,0.032477705,0,0.031684052,0.095838186,0.14215619,0.201736866,0.241436441,0.59734513,0.783516961,0.859503021,0.886916819,1,0.787162872,0.867383614,0.85344325,0.983682087,0.97697461,1,0.926896908,1,0.935733729,0.95167436,0.932479714,0.910919254,0.901462513,0.89657744,0.915538116,0.914483609,0.923049875,0.938247669,0.956521788,0.947048327,0.958128266,0.953770639,0.956762212,0.956205277,0.949956295,0.935992773,0.952615638,0.965920379,0.968868649,0.963102112,0.964136716,0.94600266,0.9624638,0.973363399,0.959140115,0.979197395,0.989851939,0.979572622,0.983233841,0.977637298,0.906936763,1,1,0.991278655,0.976102916,0.800509038,0.854705036,0.740108542,0.803880062,0.819176682,0.864711497,0.941717622,0.91258389,0.865996301,0.841006327,0.971304736,0.852797466,0.943157855,0.752802037,0.868815779,1,1
17.67000008,1,0.832681315,0.750539197,0.777024483,0.799843794,0.857391698,0.8841187,0.877875632,0.86142019,0.877586496,0.889662769,0.856495484,0.879859064,0.876792439,0.899656555,0.853348728,0.877976975,0.906305709,0.909492314,0.924506192,0.920992978,0.943063252,0.989571497,0.993546627,0.999352268,1,0.983169259,0.972151429,0.988857811,0.986718052,0.973890627,0.947094178,0.943725762,0.929373849,0.925246017,0.946482265,0.961489061,0.924258636,0.896293148,0.923044743,0.928379176,0.900956558,0.869793995,1,0.912953691,0.926248105,0.921396159,0.880831866,0.890063937,0.910766613,0.902259114,0.894196011,0.875996382,0.881399577,0.871088157,0.831649903,0.829220403,0.808442042,0.66334064,0.68121127,0.758518408,0.833630821,0.862085487,0.583079528,0.683506256,0.748026448,0.840577307,0.867646901,0.883025237,0.866009086,0.862059665,0.860572014,0.861638069,0.869411428,0.879926453,0.892751727,0.897207739,0.893774394,0.90713975,0.894794016,0.814148765,0.614274156,0.617415232,0.700836685,0.747042871,0.843530037,0.854697626,0.867953253,0.88840194,0.905176458,0.919455347,0.904074417,0.897060144,0.933854695,1,1,0.943731469,0.934580725,0.910796272,0.895109769,0.839303119,0.764135614,0.365240697,0,0.006681424,0.021078015,0.053692163,0.097909079,0.132205066,0.222957856,0.258739675,0.360299886,0.640453423,0.589681416,0.663972966,0.79108184,0.85480568,0.904072481,0.927387766,0.903115875,0.896361688,0.895525152,0.905482658,0.912808346,0.926468508,0.929735686,0.928358096,0.92309356,0.918648358,0.920698258,0.918878618,0.927095392,0.924294911,0.927846537,0.924473451,0.929914656,0.933326731,0.941979148,0.948707352,0.950352756,0.93786748,0.943843809,0.92189009,0.89765189,0.851946696,0.771284031,0.406044504,0.269479489,0.152883997,0.043909379,0.008769902,0.008720957,0.013211083,0.005799626,0.018043991,0.045887885,0.030930925,0.005104446,0.03108642,0.088236628,0.129706217,0.194540246,0.229243766,0.577763137,0.772364766,0.84879616,0.881312423,0.971431366,0.734605408,0.817423997,0.830270803,0.972547802,0.978615973,1,0.922276152,1,0.939187738,0.965319116,0.945839054,0.926814428,0.920346415,0.91436763,0.933702688,0.93177246,0.938939263,0.954055094,0.967521131,0.955942499,0.966031577,0.957601856,0.95520229,0.952311501,0.937939674,0.922168615,0.937030381,0.947313975,0.950922655,0.946789415,0.94886419,0.934198601,0.957628037,0.968922641,0.957477698,0.979570357,0.985337851,0.977005637,0.985493789,0.981068743,0.905478122,1,0.997292369,0.988268837,0.972755124,0.809028995,0.855443786,0.74479291,0.804361983,0.820337011,0.871523161,0.940966357,0.907472371,0.854930453,0.854854492,0.979737723,0.864891019,0.939811002,0.744414573,0.898591325,1,1
18.20000076,1,0.79496968,0.723947104,0.749590603,0.791357104,0.839231992,0.858233018,0.84760366,0.827213813,0.842702934,0.850555452,0.820323902,0.845857667,0.842202774,0.866435509,0.822202747,0.851642411,0.880723384,0.888021618,0.907691053,0.907915081,0.935536334,0.984245242,0.990394834,0.995096711,1,0.979768189,0.968918251,0.980811349,0.978623273,0.962507994,0.933189295,0.934805531,0.919336156,0.912111993,0.930428623,0.952483962,0.911335352,0.884191694,0.92417889,0.930777862,0.895858845,0.851478399,1,0.903487245,0.918194765,0.910135839,0.860354517,0.879785741,0.900729829,0.888156333,0.880822363,0.8623594,0.867133743,0.850578513,0.80963591,0.812714647,0.795084781,0.621401667,0.673530716,0.741455254,0.827687217,0.847583454,0.564486493,0.659994359,0.741812557,0.83477044,0.852801588,0.868875515,0.84914933,0.845465373,0.837020529,0.829255803,0.840053324,0.860430435,0.87863295,0.884036933,0.880979276,0.892197106,0.87391278,0.774657788,0.573071681,0.62915461,0.681895671,0.754475141,0.838012852,0.841707009,0.861349311,0.885989148,0.907751504,0.92472753,0.910358463,0.906155138,0.941644441,1,0.999580013,0.948486729,0.936269319,0.910986188,0.892504615,0.831154326,0.743703515,0.309736447,0,0.010900345,0.025743919,0.048103963,0.02662206,0.152446664,0.227073769,0.262089211,0.384176359,0.634355324,0.582651327,0.68047658,0.812248712,0.864831172,0.913762627,0.934883423,0.910029329,0.905455322,0.905975379,0.913543111,0.923447426,0.937211913,0.936060922,0.935083544,0.932317884,0.925931222,0.927153881,0.928452246,0.936319301,0.933792207,0.938854031,0.937658766,0.943414863,0.948708536,0.959323448,0.966508174,0.966577561,0.956217239,0.95642967,0.928428999,0.897270604,0.849355771,0.743025033,0.383671818,0.257311282,0.147240151,0.047520669,0.010253141,0.011809224,0.011852246,0.009905461,0.014571272,0.037892086,0.027431954,0.005923661,0.025391378,0.074542782,0.119374053,0.192945803,0.219854508,0.567500755,0.771681531,0.837371491,0.878146529,0.937109136,0.68551716,0.811996382,0.839930207,0.97359108,0.981667828,0.99262324,0.917310021,1,0.94345,0.974641472,0.949622929,0.932392558,0.928443617,0.920245243,0.937639389,0.937151831,0.945144013,0.958028493,0.963341691,0.949554251,0.956220953,0.937868461,0.922062667,0.911396931,0.884601407,0.87148876,0.889685879,0.908809326,0.920453266,0.925569544,0.934597024,0.930238953,0.956610878,0.966974093,0.961599366,0.9847905,0.987500367,0.98498129,0.9946519,0.975527614,0.89887127,1,0.981063491,0.971837167,0.952321074,0.812961184,0.838149073,0.736713229,0.791129288,0.815670166,0.875797166,0.935428022,0.893347603,0.839764683,0.875039732,0.973567308,0.848636292,0.933442703,0.718456184,0.960586781,0.986821052,1
22.01000023,1,0.845005241,0.770446016,0.7956394,0.797954989,0.842050074,0.87089343,0.867003457,0.850878668,0.864922385,0.875421574,0.847430891,0.866152795,0.865610692,0.887832382,0.846859496,0.870628877,0.900875873,0.906079508,0.920640794,0.919235632,0.941083829,0.987305761,0.991331045,0.999993665,1,0.984209424,0.971009352,0.9864378,0.98142671,0.968754858,0.936702726,0.933532964,0.918169016,0.91467319,0.94064432,0.957286217,0.928670828,0.903118437,0.924865285,0.930275055,0.903897654,0.878387712,1,0.920945843,0.930703409,0.926681289,0.891032713,0.894609279,0.913754532,0.907410937,0.898638673,0.880399042,0.884502782,0.878356172,0.83696977,0.832790079,0.80757329,0.679199753,0.682321733,0.765640664,0.834081065,0.866185555,0.605903074,0.69844241,0.74465759,0.838894953,0.870064652,0.884629352,0.870366849,0.864200438,0.868445384,0.876893272,0.886317708,0.888130005,0.896220729,0.900036145,0.897479048,0.912358393,0.903529463,0.830924407,0.64009987,0.610653835,0.717326193,0.743658092,0.844378385,0.864715464,0.873129185,0.892201883,0.90571312,0.91953206,0.904839287,0.895812224,0.931373421,1,1,0.945545343,0.936865772,0.913712756,0.897029484,0.840268418,0.773535515,0.395475959,0.062089327,0.00074018,0.006835058,0.025644458,0.084893186,0.114128702,0.2007953,0.241386982,0.328357248,0.647058668,0.594090749,0.655514107,0.779392378,0.846921918,0.89713322,0.924016152,0.901074476,0.893149238,0.893073084,0.903961814,0.909574276,0.923838578,0.930515858,0.92932798,0.924163259,0.921057325,0.923070808,0.919359949,0.927570854,0.925010144,0.928280843,0.923359569,0.927767726,0.932081315,0.938848691,0.944836539,0.951127626,0.935075057,0.945017079,0.927621704,0.906459001,0.860662922,0.790499201,0.399637701,0.255558457,0.138711876,0.035093584,0.003414254,0.001785349,0.008998005,0.000728705,0.013482623,0.039351263,0.024696073,0,0.025049234,0.078179978,0.117962534,0.171065819,0.213834759,0.55113493,0.748381631,0.837759151,0.873233512,0.977904748,0.744563564,0.777682302,0.794995553,0.958023598,0.973793971,1,0.919845389,0.998140265,0.937389115,0.96532669,0.953406518,0.935850215,0.926894594,0.922789007,0.939379941,0.937752478,0.945436194,0.958792289,0.974758761,0.963966321,0.97134046,0.96284906,0.962688868,0.956277645,0.943854841,0.925711641,0.94273799,0.955742783,0.958856357,0.955029312,0.956438719,0.944395345,0.962556232,0.976677919,0.965834164,0.986512002,0.994985156,0.98218672,0.988064079,0.987900846,0.907560038,0.996814934,1,0.983127442,0.967219262,0.790798322,0.851899792,0.73105175,0.791243428,0.803521206,0.852396664,0.931006637,0.896885217,0.84345891,0.82010285,0.965372224,0.84276925,0.937849563,0.73817019,0.851768738,1,1
26.29999924,1,0.848535907,0.786705638,0.809967944,0.830136868,0.866313262,0.887837883,0.879880171,0.864109517,0.875840118,0.882881971,0.854682415,0.874236576,0.870325649,0.890938805,0.847953836,0.870402872,0.897156656,0.900383443,0.916195223,0.915651667,0.939889086,0.986405589,0.991608496,0.997967923,1,0.984439708,0.974119807,0.989330718,0.986978276,0.974398317,0.946266503,0.946605265,0.933053095,0.927057102,0.945649462,0.96216675,0.923828051,0.894698173,0.925676991,0.931228557,0.901911683,0.862585046,1,0.912590687,0.925674984,0.920448996,0.87694018,0.889858838,0.910946457,0.901346047,0.893550842,0.874997014,0.87986663,0.867826934,0.827175402,0.826633641,0.807759515,0.651995909,0.684257125,0.758251593,0.836304307,0.862882572,0.579679542,0.676862409,0.744624196,0.839958861,0.865771493,0.883277993,0.865639929,0.86171464,0.858669794,0.856208708,0.863367242,0.876342196,0.889994359,0.894638838,0.89139947,0.904334663,0.891044708,0.806059254,0.59746441,0.621271151,0.695196564,0.748538137,0.846291686,0.854032658,0.87009476,0.891930601,0.909694604,0.924247801,0.908579195,0.902680573,0.938574438,1,0.998017286,0.943133803,0.931162755,0.906557973,0.889813206,0.833595053,0.754058353,0.337621091,0,0.011716979,0.025401096,0.057397853,0.067126522,0.124220438,0.216805941,0.251343172,0.359850427,0.644218733,0.588606105,0.669789361,0.802880345,0.864885859,0.911547048,0.932191064,0.90609141,0.899419054,0.89794221,0.906091954,0.912301003,0.925342763,0.925760892,0.922850483,0.917261874,0.911291205,0.911829605,0.910588179,0.918910525,0.916974787,0.922259314,0.920654061,0.927094219,0.931655862,0.941987392,0.949462495,0.949325543,0.935176076,0.938574098,0.913303513,0.882489518,0.834360827,0.746788553,0.377599245,0.246849102,0.138553821,0.042398516,0.012014368,0.011692419,0.013936652,0.011644599,0.01680946,0.036629316,0.026050611,0.006765601,0.025070503,0.070000496,0.111086066,0.179390507,0.215411065,0.555512163,0.760312331,0.836968793,0.8736618,0.949965845,0.701684389,0.791520101,0.814897506,0.966422967,0.978711791,1,0.918484803,1,0.941889655,0.974732511,0.957147653,0.940167032,0.93593387,0.92940048,0.947770182,0.945192733,0.952327512,0.964572899,0.97460605,0.960838079,0.969005686,0.957891001,0.950785617,0.945472563,0.926168662,0.909366111,0.924748294,0.934504117,0.93817275,0.935996497,0.93971195,0.929330857,0.953590505,0.968046232,0.960411578,0.983894359,0.985976271,0.980300739,0.990159993,0.981433296,0.901847703,1,0.992982373,0.982888281,0.967304501,0.810970951,0.851714667,0.740371679,0.79730091,0.815194055,0.867097949,0.932626068,0.895574569,0.84033752,0.849918215,0.971304954,0.860420615,0.941882557,0.73140009,0.920658177,1,1
30.5,1,0.845469732,0.798243906,0.818395714,0.844104764,0.880803253,0.898269977,0.88681776,0.867957552,0.880805861,0.882984928,0.853805478,0.874997883,0.871958147,0.892104343,0.849713135,0.875297298,0.902646532,0.906979955,0.92283834,0.921834079,0.945603003,0.991108677,0.995021542,0.99735277,1,0.981863596,0.9735528,0.984526831,0.983992419,0.969193385,0.942403053,0.945553033,0.931864691,0.924063535,0.941799977,0.960014621,0.915526868,0.887224302,0.925795206,0.930432061,0.894828183,0.851088499,1,0.90534847,0.919567596,0.91197731,0.86318114,0.883645356,0.904151767,0.892033291,0.88443516,0.865545657,0.869908363,0.853415894,0.812662276,0.815564395,0.797255801,0.623518282,0.678009277,0.74429485,0.8319554,0.851813568,0.566915985,0.662528238,0.745085642,0.842042879,0.860200887,0.876478847,0.856483585,0.852927142,0.842996031,0.834026452,0.842736303,0.862419277,0.879425268,0.884570703,0.881696578,0.893213161,0.874981796,0.775413748,0.574490223,0.632283842,0.687618483,0.75935164,0.844135247,0.848288525,0.868186706,0.893008641,0.914413023,0.930713292,0.915401794,0.910742153,0.944466338,1,0.998077057,0.949191,0.935453796,0.910094352,0.89061441,0.8307199,0.745564143,0.305424966,0,0.007795579,0.021686613,0.041638902,0.023843305,0.140247322,0.218891161,0.25477438,0.379744235,0.650608174,0.59316148,0.692587287,0.830012236,0.880989506,0.927340609,0.946539575,0.92043939,0.915271337,0.913618244,0.919629941,0.928343448,0.941102019,0.937720207,0.93520841,0.931291796,0.923981764,0.923276003,0.924331004,0.93237855,0.929929178,0.935660096,0.934806859,0.941563822,0.947293721,0.959139263,0.966568895,0.966123254,0.954470564,0.95271022,0.925287423,0.889458999,0.84011929,0.733459304,0.364455483,0.23883773,0.134964599,0.041764603,0.010171354,0.01269502,0.010183947,0.008492581,0.012612428,0.032621621,0.023863854,0.005645517,0.02330524,0.067259078,0.108244473,0.178435306,0.207275911,0.554013277,0.758688448,0.829424246,0.870840701,0.923632851,0.670630586,0.788011408,0.820961123,0.96857801,0.983105315,0.992422638,0.914193938,1,0.945789595,0.981387229,0.957503709,0.942216507,0.939205429,0.929529753,0.945764742,0.944161786,0.951493053,0.966135119,0.967102503,0.952693178,0.957465619,0.935087442,0.915027034,0.898999823,0.866097225,0.849494923,0.867172035,0.883514385,0.898610318,0.908168159,0.922517383,0.921591459,0.953303446,0.964179098,0.959761587,0.986681704,0.987558238,0.988359842,1,0.98135847,0.899026696,1,0.985540398,0.971015547,0.951453316,0.809316198,0.835508216,0.729548402,0.788830792,0.809683026,0.874547895,0.929391658,0.891196986,0.830868241,0.864930709,0.968698779,0.851295946,0.927403213,0.712811067,0.954077957,0.989182441,1
31.74329948,1,0.859788644,0.805699598,0.824290511,0.837574873,0.871308477,0.894390251,0.885843496,0.871110176,0.881555073,0.888691423,0.860916299,0.879636917,0.876196976,0.897022802,0.854550997,0.877010363,0.903592378,0.906610596,0.92254604,0.921838101,0.943983357,0.988175507,0.992354784,0.99755154,1,0.982451979,0.969711752,0.98311792,0.979519535,0.965707062,0.936109735,0.934853864,0.919722772,0.91291727,0.932294127,0.953921646,0.921050631,0.894270569,0.927590853,0.933178705,0.905172595,0.862606425,1,0.916349738,0.929294141,0.924839908,0.881869225,0.895174042,0.916776638,0.907589654,0.899265025,0.881008493,0.886160574,0.874180778,0.833430911,0.832675839,0.813325242,0.657256202,0.689862144,0.763679023,0.841901864,0.868509374,0.58806461,0.683863548,0.749013406,0.846593177,0.872652858,0.88985597,0.872786896,0.868895078,0.866413916,0.86519371,0.8723066,0.884576349,0.897642186,0.902422616,0.899232662,0.912572262,0.899496689,0.81547721,0.604812143,0.626415244,0.702111508,0.749791768,0.847949874,0.855939539,0.871320516,0.893084898,0.909823835,0.924735463,0.909717464,0.904349146,0.939854802,1,0.999692227,0.947328921,0.936208591,0.911433239,0.895149886,0.837648146,0.758905905,0.343068575,0,0.007269697,0.018253594,0.045557803,0.063629329,0.110807404,0.199110309,0.234089755,0.338660074,0.640573216,0.582856141,0.662566466,0.796340091,0.859242256,0.906577688,0.928548771,0.903237485,0.897304959,0.897018305,0.905401426,0.910927876,0.925973574,0.92686836,0.923503785,0.919996653,0.914618819,0.914782369,0.913630485,0.921800722,0.91928152,0.924389921,0.92219649,0.928601186,0.933343917,0.942678947,0.95087227,0.950839249,0.936807873,0.941312593,0.915862991,0.884355071,0.83577144,0.749847294,0.362106028,0.230328282,0.124977323,0.036167268,0.009389033,0.0094008,0.011987234,0.010365099,0.014041003,0.031479845,0.022358761,0.004836229,0.021756195,0.063575814,0.100116358,0.163954102,0.200411547,0.54033889,0.74586807,0.827898756,0.869206146,0.94674097,0.687452361,0.760400411,0.794349802,0.956604619,0.977402872,1,0.916266829,1,0.944415268,0.979341396,0.965031623,0.947849823,0.944290806,0.938401887,0.955393101,0.952878981,0.960528996,0.971761174,0.98060542,0.965780947,0.974096408,0.96162799,0.953878582,0.948266292,0.927222765,0.912244018,0.928167734,0.938523991,0.943932646,0.942860332,0.948232915,0.937414969,0.961119297,0.974786661,0.968336389,0.989856652,0.992582113,0.983324799,0.994203935,0.98711535,0.90466917,1,0.997193069,0.983163641,0.966715328,0.810095099,0.854735931,0.73729659,0.796261864,0.808303521,0.864142675,0.931894271,0.892310362,0.834105135,0.843619067,0.978712593,0.854368185,0.937786816,0.721555486,0.90825558,1,1
78.5,1,0.761495278,0.686230254,0.725687955,0.747744971,0.818313508,0.862083214,0.861686714,0.844700755,0.860848038,0.879954799,0.844059736,0.866703788,0.865454214,0.894205679,0.844750905,0.872597988,0.906714,0.910728267,0.92662908,0.923371616,0.943799826,0.990377975,0.991818647,1,0.999514258,0.98192823,0.966878096,0.983352533,0.975983632,0.960868057,0.926845051,0.921885615,0.906207455,0.905498352,0.934193469,0.951260623,0.924673982,0.903331126,0.923762896,0.930401973,0.909575119,0.889435659,1,0.919590079,0.929282053,0.927440916,0.891312136,0.892393243,0.911893503,0.90596684,0.898089584,0.879093289,0.884470468,0.881353961,0.840703634,0.834517378,0.813336771,0.684421312,0.678566676,0.758368103,0.82508831,0.856575676,0.609636276,0.706242258,0.756557223,0.844705617,0.873628428,0.8854036,0.86895563,0.863873815,0.86436496,0.869071219,0.878089651,0.882312882,0.892604537,0.896802862,0.894577801,0.908635499,0.900791202,0.829675326,0.641045936,0.616122557,0.718306161,0.747860885,0.842271274,0.857131806,0.864806814,0.883453645,0.89732469,0.910389782,0.894480575,0.886647027,0.92543268,1,1,0.941034143,0.933073397,0.912107198,0.897282408,0.84478892,0.779953693,0.401573881,0.104317906,0.007170844,0.017569426,0.047588357,0.112526661,0.132442757,0.22376747,0.261861855,0.348826183,0.628418869,0.583387307,0.645779391,0.760174449,0.824373379,0.873844057,0.900245793,0.877977424,0.871657287,0.872607373,0.885795356,0.895288105,0.908604773,0.917034229,0.921009267,0.917521251,0.915970782,0.920849453,0.919221078,0.928685812,0.926446642,0.929567985,0.925483777,0.929623405,0.932396209,0.939398538,0.946358554,0.953366421,0.939850013,0.947268573,0.932421552,0.917182945,0.873645397,0.805951115,0.445717218,0.302121606,0.175120316,0.046460002,0.003889532,0.004079419,0.015013146,0.000873177,0.01681143,0.052612063,0.032906029,0,0.033285699,0.095809848,0.142498273,0.20242735,0.24343307,0.603560949,0.785141719,0.856459973,0.88190497,1,0.792258615,0.874686826,0.864414118,0.986277709,0.976742913,1,0.930004016,1,0.934842906,0.946696007,0.926703919,0.904535789,0.893827035,0.8899443,0.909155689,0.910206189,0.916853593,0.931995096,0.951701367,0.941101906,0.952169089,0.948945699,0.951826371,0.954453553,0.948894772,0.932370006,0.950818849,0.965601393,0.970771472,0.964892475,0.964944006,0.946102766,0.960980825,0.969372366,0.954075418,0.97289226,0.987471026,0.977471075,0.983671814,0.977464724,0.908701497,0.996325981,1,0.994616461,0.980029577,0.796949499,0.855598435,0.741603738,0.806081293,0.82008881,0.865242422,0.949346569,0.918548212,0.873658492,0.846440412,0.977285047,0.862434225,0.943437013,0.763270466,0.871069667,1,1
107.6999969,1,0.794738325,0.725276628,0.748607927,0.794877046,0.841170942,0.85825531,0.846542647,0.827207578,0.844537787,0.85109471,0.822555043,0.848868722,0.844913126,0.867084566,0.82286235,0.85116286,0.878200011,0.884652148,0.904309775,0.904177621,0.932925685,0.982811311,0.988914462,0.993455653,1,0.978333847,0.967284469,0.97838563,0.975818093,0.958484628,0.92931567,0.930751209,0.914446028,0.906371097,0.92459841,0.947711571,0.904501221,0.878081182,0.921400073,0.929054978,0.890916112,0.847499624,1,0.900307869,0.916923645,0.908722132,0.857283876,0.880839735,0.903695404,0.891637763,0.88547042,0.867348849,0.872449278,0.854131228,0.81177535,0.816026932,0.798139508,0.616038647,0.674272497,0.743149694,0.833982063,0.852474843,0.559477152,0.653364753,0.739102776,0.830939678,0.84479718,0.862580832,0.842738707,0.839862027,0.831054903,0.824953993,0.840109549,0.863293767,0.882391965,0.887490073,0.883352831,0.892952448,0.870212168,0.759223965,0.555307297,0.621652448,0.668042802,0.745819821,0.830630167,0.83737926,0.858588181,0.884159329,0.907609547,0.925566104,0.912164032,0.908616923,0.943219884,1,0.999251515,0.949797091,0.935593979,0.908743959,0.887120518,0.819652552,0.721083466,0.290180355,0,0.005382216,0.020602855,0.037912498,0.028135492,0.177434795,0.229406075,0.264130037,0.389079215,0.620769474,0.571812309,0.674734518,0.804829841,0.859137341,0.910784003,0.932834445,0.908689237,0.904747644,0.905369962,0.911693261,0.921952989,0.93603853,0.933230462,0.931935094,0.930047696,0.923330661,0.923642204,0.9258488,0.933236857,0.930121791,0.935305541,0.933961019,0.939072859,0.943024902,0.953136937,0.958133725,0.955465935,0.944600463,0.942802814,0.912675643,0.880623792,0.833522804,0.721677897,0.373728116,0.25103138,0.145340203,0.047074087,0.00887113,0.010290318,0.010389156,0.009060936,0.013689422,0.037988206,0.027842583,0.006071943,0.025948491,0.07715952,0.122352483,0.196760083,0.21813537,0.56482107,0.770254129,0.831263986,0.874348467,0.922173053,0.672829959,0.809843392,0.842341932,0.971086361,0.977435092,0.98542743,0.915382646,1,0.943946263,0.973510498,0.945972878,0.929606477,0.926953487,0.919450352,0.937258308,0.936010068,0.943049843,0.955010445,0.960349184,0.949356054,0.959708719,0.943438682,0.933601235,0.92877903,0.902753014,0.889385764,0.901663993,0.913191801,0.918901304,0.921273939,0.927555112,0.922219014,0.946257149,0.952426839,0.945823363,0.96817901,0.968319216,0.969683832,0.98318197,0.962181818,0.894217323,1,0.98391618,0.976955932,0.959581364,0.823377641,0.841002853,0.740580365,0.794792976,0.818253976,0.879911373,0.935323685,0.889825288,0.835637645,0.883503651,0.973859594,0.85881287,0.930267056,0.7104529,0.976325026,0.975912842,1
117.9,1,0.847780168,0.776670666,0.801122343,0.806722776,0.844366465,0.866225622,0.858376025,0.839337528,0.849128541,0.855899407,0.827294263,0.845460225,0.84515204,0.86691422,0.827757152,0.8525104,0.883118312,0.890025817,0.908051224,0.909017064,0.934263711,0.982230887,0.988410774,0.997709366,1,0.984182689,0.972656656,0.98747898,0.983915944,0.97090635,0.940617636,0.94025954,0.925905173,0.921170731,0.945358706,0.962336334,0.929065604,0.902962947,0.929323337,0.93313307,0.902510423,0.87157102,1,0.914907471,0.924419052,0.918189713,0.878538012,0.885880332,0.904642297,0.89471752,0.88590429,0.867048034,0.871211698,0.861188664,0.821758899,0.819782015,0.795413345,0.656763144,0.674884093,0.753514164,0.823939115,0.852645226,0.591693667,0.684647036,0.739373766,0.832207881,0.859876036,0.874526938,0.858431038,0.854311844,0.854370715,0.858753697,0.86719431,0.874516435,0.885209386,0.889724413,0.887939459,0.90262348,0.892493309,0.814745729,0.619135031,0.61795609,0.709332563,0.746120311,0.84574908,0.861346623,0.874749029,0.895390541,0.910790007,0.92518961,0.909374282,0.901285491,0.936440853,1,1,0.947499385,0.938565532,0.914564633,0.899613078,0.842034182,0.77160508,0.375152016,0.031228314,0,0.009173833,0.028630135,0.073982327,0.116073473,0.203155736,0.242961464,0.342101354,0.65994765,0.603314543,0.674984287,0.803049756,0.867825478,0.917819089,0.942240654,0.917836494,0.911025876,0.910399616,0.919448907,0.925138497,0.939529301,0.942779795,0.939996467,0.935526366,0.930811831,0.931507876,0.928280013,0.937592986,0.934803903,0.939286744,0.935868213,0.941251256,0.944908385,0.954122838,0.960195701,0.962573747,0.947700093,0.954366503,0.932575886,0.906957927,0.860196737,0.782167728,0.386477394,0.24787075,0.136583747,0.036048355,0.005306052,0.004588372,0.010058805,0.002301486,0.015195198,0.038543882,0.025579066,0.002879122,0.026815097,0.07924466,0.116341773,0.173469747,0.209728762,0.552739973,0.751860284,0.835693486,0.871732302,0.96266826,0.715049709,0.775931955,0.802176193,0.965653428,0.97764868,1,0.91777199,1,0.942245213,0.972907746,0.956528678,0.937572453,0.928998048,0.921471037,0.9379356,0.935784973,0.943037043,0.955639344,0.965514601,0.948394011,0.952570323,0.937660835,0.924515695,0.908507805,0.886835319,0.871393146,0.892634533,0.914190914,0.927934164,0.934262953,0.94751109,0.942357041,0.966753678,0.981647635,0.971901357,0.99372583,0.999545642,0.991984846,0.99992641,0.993560037,0.908718163,1,0.997145885,0.980225122,0.959883997,0.795130584,0.845154421,0.728705214,0.788836441,0.80304558,0.856675675,0.929883274,0.892858081,0.833988409,0.821672602,0.962578526,0.838763529,0.931750963,0.721869905,0.875433288,1,1
160.265,1,0.861827444,0.799266927,0.820558609,0.811720812,0.843734814,0.870827402,0.867417906,0.854458099,0.865146628,0.872306252,0.845337031,0.859895272,0.858421349,0.879194266,0.839371416,0.859653161,0.887997696,0.892899467,0.907524298,0.908932416,0.932715266,0.980725447,0.987107852,0.998397981,1,0.986602071,0.974929298,0.99121306,0.987262015,0.976259536,0.946435764,0.944483061,0.931207476,0.928165321,0.953040902,0.967476942,0.937751812,0.911396761,0.930555316,0.934737708,0.909428807,0.882460482,1,0.924086778,0.932583948,0.929002499,0.893927358,0.896668223,0.915273947,0.909129761,0.899965388,0.881255034,0.885735815,0.880413766,0.839786261,0.834664392,0.810243051,0.683306176,0.684687466,0.766419007,0.833664705,0.865778062,0.612985848,0.703105407,0.749464582,0.842481229,0.872768503,0.886532415,0.872545853,0.865878058,0.869915386,0.877358626,0.886188959,0.887792869,0.895003746,0.898763888,0.896101125,0.911233323,0.903229282,0.832712926,0.643939094,0.614850447,0.722640821,0.748404335,0.849200382,0.869930747,0.878905492,0.897918907,0.910877067,0.923936131,0.908292471,0.898005653,0.932704743,1,1,0.94471828,0.934788617,0.911198332,0.894988209,0.839010822,0.774556481,0.397344686,0.070775165,0.001023486,0.006878998,0.027210355,0.085204482,0.111732389,0.200744406,0.243868779,0.333613287,0.662909854,0.608426194,0.669921776,0.793622283,0.859415816,0.907564586,0.932814077,0.907996009,0.898651042,0.897258567,0.906837888,0.911199993,0.923944358,0.928863204,0.925718242,0.919453902,0.915304353,0.916130702,0.912098491,0.920769466,0.918971614,0.922744845,0.919571979,0.925001391,0.929375385,0.937775893,0.944580595,0.948190737,0.932054388,0.940767911,0.922520784,0.900002181,0.853630605,0.785295453,0.393622296,0.251315115,0.138291812,0.034392961,0.003444962,0.001954452,0.009142218,0.000521266,0.013297338,0.038575114,0.023554246,0,0.025243519,0.076579089,0.115516182,0.169564747,0.21289118,0.551285766,0.745721986,0.832643015,0.866834747,0.975532538,0.735427924,0.772384922,0.791923529,0.956325588,0.973184311,1,0.921505127,1,0.941984861,0.969718888,0.95828465,0.939733509,0.930141734,0.924988904,0.941808948,0.938628414,0.945151405,0.957200296,0.970357491,0.956269951,0.959784374,0.947896026,0.942887798,0.932545857,0.917171388,0.897586526,0.914431499,0.926863867,0.932949343,0.932852468,0.941823407,0.934659469,0.957528004,0.97432202,0.963792287,0.98442905,0.99352068,0.981673715,0.991864368,0.99107032,0.90955296,0.997508605,1,0.984517874,0.97128732,0.794020933,0.853431283,0.729681408,0.79026135,0.801559335,0.848843202,0.927258669,0.893069946,0.841285155,0.81374169,0.958025513,0.837797357,0.931365267,0.736637935,0.847828711,1,1
212.154007,1,0.82405659,0.749546349,0.77738242,0.794179732,0.843687834,0.869812771,0.865022103,0.848190621,0.863226095,0.875252705,0.844020393,0.86615495,0.863767339,0.886778963,0.841398423,0.86659449,0.89559421,0.89935137,0.915694964,0.914430876,0.937560832,0.98577259,0.990380978,0.997851699,1,0.98167589,0.968802315,0.983948266,0.979775149,0.965970892,0.934618887,0.932742408,0.917752035,0.912650066,0.935613239,0.954126436,0.921629126,0.895412387,0.92371545,0.929624909,0.902171835,0.869527452,1,0.914926613,0.92724994,0.923177891,0.882941571,0.891969337,0.913167647,0.905241571,0.897572247,0.879264596,0.884738387,0.875396587,0.834862058,0.832381989,0.811098359,0.665056864,0.68299299,0.760758365,0.835678077,0.864237922,0.592822574,0.690579553,0.750787365,0.845348552,0.873159629,0.888174401,0.8716006,0.867092159,0.86605287,0.867889666,0.876070212,0.885296022,0.89738057,0.901837456,0.89890067,0.912963838,0.901325375,0.820550941,0.61780983,0.619498408,0.706231972,0.74741282,0.845095491,0.856685071,0.869051382,0.889058445,0.905021949,0.919336305,0.903965567,0.897045496,0.933872207,1,1,0.945022107,0.935750325,0.912539806,0.897058934,0.840528434,0.766499771,0.364120124,0.022102504,0.000824657,0.012173868,0.038671621,0.078320268,0.120245903,0.210214706,0.246490385,0.345676271,0.638909155,0.58595154,0.659075711,0.786814328,0.851648558,0.901537171,0.925920188,0.901976355,0.895886069,0.895849381,0.906230084,0.913623141,0.928086659,0.932146851,0.931409887,0.927389007,0.923344962,0.925611014,0.923508646,0.932390893,0.929663736,0.933344581,0.929865819,0.935227317,0.938508536,0.946885047,0.953632724,0.956588683,0.94336972,0.949891737,0.9281271,0.903596406,0.85754523,0.77766249,0.397621665,0.259587223,0.143862748,0.037390001,0.00349789,0.003479129,0.008692774,0.001446846,0.012944034,0.038050584,0.024181061,0,0.024103986,0.077186767,0.117634045,0.180285076,0.217681408,0.565657513,0.764675224,0.843799302,0.878762885,0.971467863,0.730883361,0.809729607,0.822353337,0.971248829,0.978702935,1,0.920509175,1,0.938890458,0.965179579,0.946892347,0.92762662,0.920665451,0.914597774,0.932488706,0.930309847,0.937798483,0.950835117,0.963591528,0.951206667,0.959821944,0.950791635,0.948197718,0.944997121,0.930860253,0.915914783,0.933200795,0.945237854,0.949803057,0.947378093,0.952473155,0.939358446,0.959287153,0.970376652,0.958513499,0.980132927,0.985382766,0.977741145,0.985536845,0.981062021,0.903630357,1,0.999345202,0.988985673,0.972373154,0.806493611,0.854263194,0.737750536,0.798861444,0.81417625,0.865811716,0.936984514,0.902719329,0.847904336,0.84204211,0.975462982,0.854547583,0.940385068,0.734657915,0.891314138,1,1
238.4700012,1,0.808981793,0.727188027,0.755314343,0.783568758,0.843734865,0.868318946,0.86592882,0.848335236,0.864156192,0.878455011,0.845789272,0.869101649,0.869400963,0.893588408,0.848508207,0.875983532,0.907137201,0.911265039,0.926391637,0.922577129,0.943166395,0.98975199,0.991553325,0.998357088,0.998958577,0.978144759,0.963869076,0.978124159,0.972046755,0.956255423,0.92340731,0.92015542,0.903481153,0.8978789,0.925508447,0.94541682,0.914158718,0.892207399,0.921148569,0.927669207,0.897402043,0.871154838,1,0.912836971,0.92568709,0.921111506,0.8826099,0.891658126,0.912946664,0.904602466,0.897657799,0.880328832,0.886173866,0.876482418,0.83773856,0.835473321,0.811663947,0.670500216,0.683409716,0.763334283,0.835478582,0.864107914,0.597429204,0.696141835,0.756853195,0.848409699,0.874491542,0.888573483,0.872191359,0.867708954,0.86810898,0.870951931,0.880432997,0.889916354,0.901863853,0.90680857,0.904476719,0.917933023,0.905814949,0.8220595,0.623374349,0.625062586,0.710324255,0.751118331,0.845745223,0.857263355,0.868532813,0.888449928,0.904523668,0.918431278,0.903585784,0.896675264,0.935023248,1,1,0.946211332,0.938054995,0.914539124,0.89881204,0.840255571,0.76421933,0.36599514,0.006349225,0,0.011448763,0.031649017,0.080294321,0.136214035,0.219508754,0.253494055,0.3513756,0.629668324,0.579102134,0.652840093,0.776333331,0.839046969,0.890933538,0.915796855,0.893232089,0.889000554,0.88950745,0.900454543,0.909109495,0.925464504,0.93015072,0.930616024,0.928182257,0.924382027,0.927676801,0.925681467,0.934676537,0.93183482,0.934651294,0.931062758,0.935708089,0.938255251,0.945368542,0.950993517,0.954623878,0.94293199,0.950477147,0.930515445,0.908181125,0.863657292,0.78436535,0.4111456,0.274019077,0.15587294,0.043031093,0.00664182,0.007357398,0.013324084,0.003335504,0.021569162,0.049956009,0.03236826,0.00605711,0.03571264,0.098416514,0.136895591,0.199655117,0.229162446,0.577719408,0.777656196,0.853286776,0.884392714,0.971282262,0.734337385,0.824330878,0.84086083,0.98366617,0.981090798,1,0.919191766,1,0.93820676,0.964328158,0.942350018,0.921647764,0.913334537,0.908270676,0.926160424,0.923499297,0.932101032,0.944936288,0.956347198,0.94591411,0.955045656,0.947354542,0.943508383,0.941149518,0.928655546,0.915750192,0.935183531,0.948502507,0.953123567,0.950492635,0.955690719,0.941220763,0.960886003,0.968741338,0.955914876,0.976260769,0.981203202,0.97504282,0.981130106,0.977930959,0.901712779,1,0.997303359,0.988468548,0.971168573,0.80313112,0.8521352,0.738963546,0.799834988,0.818493406,0.869194145,0.940828905,0.905879939,0.84857376,0.845982235,0.973758214,0.853292473,0.941386212,0.738623464,0.891784395,1,1
286.8,1,0.837594814,0.764880301,0.791173724,0.801932345,0.846315951,0.874719763,0.871861949,0.856985644,0.872794177,0.884955641,0.855388057,0.875368235,0.875135807,0.896689611,0.852790113,0.877340439,0.90492614,0.908157256,0.922148893,0.919131282,0.940735975,0.987669034,0.990889456,0.999694023,1,0.98392545,0.972492674,0.989047761,0.985856146,0.973613271,0.943349299,0.942515506,0.928461163,0.924599163,0.949639492,0.963066173,0.928951557,0.901760672,0.924461018,0.929407282,0.901731846,0.877083087,1,0.915954096,0.926464556,0.921792575,0.883364755,0.889397396,0.909665986,0.901897755,0.894181882,0.875601074,0.881155263,0.872772371,0.832639621,0.829645221,0.80668269,0.669264494,0.679052986,0.760080012,0.831074892,0.861956174,0.597455815,0.692375573,0.746278714,0.838987472,0.869068965,0.883554133,0.867775593,0.862763072,0.863002472,0.868557928,0.877129338,0.882810966,0.893151567,0.897488738,0.894764335,0.908704244,0.898901065,0.822257157,0.625629882,0.613160723,0.70978177,0.743899724,0.843981286,0.860244674,0.871223482,0.891161844,0.90587288,0.919385477,0.903797872,0.895185065,0.93145303,1,1,0.943796112,0.935266898,0.912213188,0.896892423,0.840482731,0.770537958,0.381938924,0.054314881,0,0.009947684,0.033853032,0.08686748,0.119991056,0.210394412,0.249724473,0.344911272,0.648261407,0.596181616,0.663566712,0.788504635,0.854727294,0.905303069,0.931086491,0.906784664,0.899860741,0.899374726,0.910018797,0.916978763,0.930476522,0.935739855,0.935005545,0.929964235,0.925547254,0.928552694,0.92444319,0.933682571,0.930045119,0.933886022,0.92949248,0.934554098,0.938210178,0.94584452,0.952116149,0.956402462,0.9421553,0.950120564,0.9308246,0.910268273,0.864018314,0.789509453,0.407863086,0.266669428,0.149344593,0.037739832,0.004467122,0.003772507,0.010500577,0.00159334,0.014363016,0.042931284,0.027885244,0.000369527,0.028885328,0.084694014,0.126928795,0.184235213,0.225300417,0.578578099,0.774225953,0.853675631,0.884413403,0.98294479,0.762363932,0.820019218,0.829615616,0.979126378,0.97850005,1,0.922935611,1,0.938648249,0.962228105,0.943786466,0.923263283,0.914430054,0.907361166,0.925363149,0.923511923,0.93122737,0.944830361,0.95844073,0.94514204,0.952786207,0.94447999,0.940735885,0.934970084,0.921324785,0.906768538,0.927185794,0.943803643,0.949467437,0.947885927,0.954122158,0.942267131,0.961986928,0.972766827,0.961972551,0.983654545,0.990287627,0.980782414,0.988446701,0.98495605,0.908433752,1,0.999267088,0.988844876,0.971831086,0.798947726,0.851826088,0.735947051,0.798341864,0.812753731,0.861093436,0.936051395,0.904595257,0.848410524,0.835948068,0.966407221,0.844429131,0.93752091,0.741464631,0.864656537,1,1
314.485,1,0.772898672,0.667632237,0.704102016,0.730517976,0.822993537,0.844756064,0.848759861,0.817468136,0.842560323,0.857788755,0.820922485,0.845487522,0.845247972,0.871738833,0.822504111,0.856817351,0.886037404,0.891530469,0.907726895,0.903830495,0.926421809,0.976820711,0.977716423,0.98404201,0.986504004,0.965004145,0.952057576,0.966873094,0.96142062,0.94525079,0.91171522,0.90910027,0.892030455,0.889018395,0.921040206,0.941324183,0.911219634,0.889721339,0.917258114,0.924368392,0.892471342,0.874659224,1,0.909651524,0.921625842,0.917380806,0.879045092,0.885898258,0.906050118,0.89863478,0.89262628,0.87443403,0.881660351,0.872518581,0.833157367,0.831486826,0.806863121,0.665772919,0.678105027,0.759744471,0.831119402,0.859178524,0.604470997,0.701518213,0.750906104,0.842607363,0.871883488,0.885239534,0.870573894,0.864821544,0.864028214,0.869800298,0.877121156,0.883067855,0.894956333,0.899864909,0.897720097,0.912982834,0.905496234,0.830840955,0.635411711,0.617278188,0.712217929,0.74389862,0.840285741,0.854849322,0.864449667,0.884240433,0.899080512,0.912045726,0.897654918,0.889549728,0.927243762,1,1,0.940386013,0.933957491,0.912996331,0.900166331,0.843749381,0.778926582,0.394598666,0.062949997,0.003704395,0.014765022,0.040552507,0.097721405,0.12823572,0.218814646,0.25655981,0.346986305,0.625516969,0.580097246,0.643060431,0.761457749,0.826183988,0.878892193,0.905949361,0.884449205,0.87912497,0.880877203,0.894545086,0.903328512,0.918170045,0.925214409,0.926919277,0.923975836,0.920408276,0.925183761,0.922934494,0.932519806,0.928794968,0.931878586,0.928701941,0.93414064,0.936657061,0.942094886,0.94738443,0.954423554,0.942163018,0.951606447,0.932854199,0.919023427,0.875093761,0.802032399,0.435098315,0.294921985,0.168458785,0.046958578,0.005189131,0.004137193,0.013405132,0.001088714,0.016103561,0.050312795,0.03226957,0,0.02840314,0.09261928,0.139313266,0.198322964,0.236518172,0.590584052,0.771952019,0.852980262,0.880979349,0.992148116,0.782655558,0.857917116,0.843377491,0.973574906,0.967525996,1,0.922552754,1,0.932818999,0.949733435,0.925992611,0.908008274,0.896231224,0.891694529,0.908659804,0.910278305,0.914109848,0.92881556,0.946277807,0.933571416,0.949017028,0.939739802,0.942055486,0.944044413,0.931651544,0.924898936,0.938158258,0.952230069,0.957023716,0.953823835,0.95594574,0.943809466,0.95682026,0.963934028,0.949034211,0.969492515,0.974651862,0.976410519,0.969124729,0.973065867,0.897699714,0.996962901,1,0.993526397,0.973737952,0.800633385,0.856360993,0.747638067,0.803326256,0.847146876,0.879150664,0.94480231,0.900778787,0.859211472,0.836125219,0.970569882,0.837286214,0.943095129,0.740372263,0.871774028,1,1
319.2200012,1,0.830670635,0.763120402,0.788168762,0.792153115,0.834687326,0.862687244,0.860243469,0.845244783,0.858859203,0.869387242,0.840459475,0.858987224,0.857921356,0.88054001,0.837929346,0.861138683,0.890091538,0.895202596,0.911104074,0.910504424,0.934368089,0.98223307,0.988076474,0.997885358,1,0.984791913,0.973427843,0.989744528,0.986379715,0.974566829,0.94423159,0.943113946,0.929205766,0.925953086,0.949358889,0.964156945,0.932432387,0.905304139,0.928067335,0.932906065,0.906423994,0.87808352,1,0.918684036,0.928685772,0.924249991,0.886319515,0.891956713,0.911652099,0.904229216,0.895970191,0.877165887,0.881830065,0.874463342,0.834077056,0.830350026,0.807451587,0.671781531,0.680799271,0.759713994,0.829982455,0.860546213,0.60164504,0.695724373,0.748470952,0.840775943,0.870092584,0.88385434,0.868604813,0.863460022,0.864002834,0.868612292,0.877376474,0.883287508,0.893607026,0.897622224,0.895144506,0.90982955,0.900400508,0.825138955,0.629902081,0.616507723,0.713757926,0.746147337,0.845905796,0.862264348,0.873331008,0.892984561,0.907509706,0.921220674,0.905555638,0.896929098,0.933052832,1,1,0.945134371,0.936489617,0.913157904,0.898036843,0.841577112,0.773309115,0.385518619,0.058979315,0.000904712,0.010337711,0.033255362,0.085470339,0.117038686,0.206320719,0.246093525,0.340512988,0.649715195,0.597130637,0.664051531,0.788272903,0.854129376,0.904026725,0.929544102,0.905684858,0.898264625,0.897640153,0.908169894,0.91408235,0.927656409,0.932810483,0.931543872,0.926768412,0.922680074,0.924814869,0.921565352,0.93047739,0.92756695,0.931448045,0.927286578,0.932391581,0.935364667,0.943918832,0.950332505,0.954313533,0.939417612,0.947456123,0.927753318,0.90634172,0.86050455,0.787933839,0.402136653,0.260842314,0.145302242,0.03701604,0.003967007,0.003375058,0.009974331,0.001156558,0.013879942,0.040433313,0.025903554,0,0.026130285,0.080306102,0.121160705,0.177513324,0.218543891,0.56743478,0.761493648,0.843815898,0.877706376,0.97850013,0.748053051,0.806131474,0.819263203,0.968134047,0.976907014,1,0.922677301,1,0.937872987,0.962436042,0.946669036,0.926717404,0.917612154,0.911845939,0.928823633,0.927683413,0.934380787,0.947868083,0.960931715,0.946545827,0.953135627,0.942698518,0.937605033,0.927882373,0.91323468,0.897172536,0.916363301,0.933341867,0.940803281,0.941623169,0.949348732,0.939059314,0.958919716,0.971782817,0.96028863,0.980882941,0.990032374,0.982829152,0.989664651,0.986858457,0.908452473,1,1,0.9877519,0.972046964,0.798669191,0.852719815,0.734731428,0.795831905,0.810895306,0.860699,0.937397182,0.903504356,0.847864853,0.829611448,0.968859992,0.847335194,0.940743071,0.739095361,0.866563811,1,1
