,Q1,Q1.5a,Q2,Q2.5a,Q2.5b,Q3,Q4,Q5,Q6,Q7,Q8 (modern)
B1_mean,-0.9896904616466907,-2.9141591926046884,-1.0288214795984294,-0.5888428792111332,-0.3400752149360699,2.214012159766285,-1.722551500760258,2.378011303867022,0.06701063823722536,2.0901632880402667,1.5592868385624479
B2_mean,-0.7839697129863874,-2.64621325669753,-0.9466068208068108,-0.5470162402101836,0.07686943076721775,1.3032958308584253,-1.6458306201440915,2.502779010690731,0.02745350372784334,2.1168667534889014,1.429791010932876
B3_mean,-0.7471844056796112,-2.450037573500941,-0.940354396640693,-0.5404250334624359,0.057941114287425204,1.0701721992677102,-1.5587237173809068,2.5501483445574347,-0.2004387476389937,2.0732368460341783,1.4232838111250046
B4_mean,-0.9653284573594313,-2.45303739526869,-0.9422175338161317,-0.5500943402939037,0.17246968969569396,0.9495231807868423,-1.4944644362431758,2.3703177981726338,-0.06999559613173792,2.0759656078909425,1.4834058895665858
B5_mean,-1.2266464248648041,-2.47567315403368,-0.9929890142107947,-0.5939356186137326,-0.24343940010684423,1.4119228634958971,-1.5482646184959352,2.426714611659578,-0.08605078770283939,2.1776282624358787,1.5748038470406336
B6_mean,-1.2058828187199797,-2.480269307558523,-0.9570565025774952,-0.6344259336336664,-0.38825192091214306,1.23554583969807,-1.4803507962543703,2.396613710344448,-0.016648008780935183,2.155655901156707,1.662898547110193
B7_mean,-1.2164057161645916,-2.4025606868405522,-1.001362098252848,-0.6556583829853078,-0.2901347940787555,1.1842220191916681,-1.4355633663886935,2.2748371962907536,-0.06476580735410241,2.1233743127608684,1.6783068273542832
B8_mean,-1.1021782629697914,-2.301273075162925,-0.9915032256179579,-0.6845933197770149,-0.27925514272819313,0.9191847901447238,-1.3740008876498624,2.242654718972934,-0.04435031116251586,2.074035957121962,1.6914027675111576
B9_mean,-0.9504103621227031,-2.248810259605416,-0.9457704116267915,-0.7144607992535927,-0.19347988843995398,0.6862789283069148,-1.3465822618550252,2.2301902912024345,-0.023750073647065117,2.068414266729024,1.6646751802269868
B10_mean,-0.9432235363637334,-2.156970822278064,-0.9847547683325021,-0.736324574360529,-0.2505910982676581,0.6877261727691083,-1.3137155232102935,2.153672780679702,-0.07527051409729173,2.0638445610439264,1.6874790795105097
B11_mean,-0.9367878719117915,-2.080173856558653,-1.0373100110513573,-0.8001776884473019,-0.25789178716785854,0.7036854883320532,-1.2973960227400672,2.110581486487289,-0.08293384457070437,2.054108971671719,1.707271403968073
B12_mean,-0.9515809843547882,-2.032385849183268,-1.026133560732282,-0.7870059638475896,-0.22785669236331002,0.586362297034052,-1.255208613150263,2.1207335155323244,-0.1373272911997178,2.055771287388368,1.6911850627411438
B13_mean,-0.9626611086431414,-1.9991838331474205,-1.0773348268752905,-0.7700763943907833,-0.38742692862504624,0.6545630494885873,-1.2536358452546703,2.0617179762122495,-0.09299420751319919,2.0661214529724194,1.724878468486605
B14_mean,-0.9858109747283353,-1.949435589899829,-0.9940223717338328,-0.747755633115106,-0.33362092191578807,0.4831378689219569,-1.2273651938041434,2.0294341005863634,-0.07251453362320205,2.0843633526910446,1.6970856434258208
B15_mean,-0.9576212440506903,-1.9456150642819934,-1.0070500710803094,-0.7449747853869596,-0.3746540951593932,0.5128541734094147,-1.2010360611833997,1.9599317366363846,-0.10979584692304067,2.043989184591824,1.7279056969106763
B16_mean,-0.929299951388182,-1.8913337677427426,-1.0619749440447888,-0.6636004136546588,-0.35239208026524244,0.3938245998096969,-1.1662349389274442,1.922745884706314,-0.1019753124816214,2.029919891338931,1.6898886940104678
B17_mean,-0.9680325790663822,-1.8916456230575587,-1.0469889463862698,-0.6275069231812959,-0.4521051193354906,0.3443422162888425,-1.124488672360617,1.8750389695586016,-0.08760346147451285,2.0346213661409753,1.7156272547726605
B18_mean,-1.0312836438723818,-1.894924322126562,-1.043551651129031,-0.5473457581127915,-0.4685021850631243,0.32602540643999345,-1.096170151185327,1.8324595448222212,-0.10930220776833617,2.013188363413665,1.7113934751849886
B19_mean,-1.0072878288661262,-1.9196500157028973,-1.1643498512853754,-0.4577170882385765,-0.4885125603867496,0.36578239088001496,-1.0709209361568754,1.81001930951954,-0.16037634671940013,2.006117832706736,1.6976092843543231
B20_mean,-0.9871990057538658,-1.9698238202022194,-1.1293935595067417,-0.35235812941933975,-0.5828919006967513,0.4053737671471507,-1.0892187970155451,1.7822726709867573,-0.15186247058945287,2.011702842570834,1.6877773167515278
B21_mean,-0.9199490647657789,-1.9771563083862496,-1.1448460420149589,-0.2582702526183912,-0.5314366188283797,0.3617669188836886,-1.0834004797137013,1.7957680787347567,-0.2044598572305408,1.972133170898308,1.637917055466796
B22_mean,-0.907884881274993,-1.9846423747219397,-1.1839655776568658,-0.14988950029395004,-0.533114906446461,0.525596696343962,-1.1327882150117252,1.7681873987861834,-0.2719470692264654,1.971265634915449,1.591969753118754
B23_mean,-0.8262153079405062,-1.9721344233818303,-1.185268957089441,-0.04108546200711863,-0.5292269401450745,0.5691557680914523,-1.1567803776647874,1.7548504362528752,-0.32961157172307415,1.9293596347627546,1.5357053577837665
B24_mean,-0.7634073750469105,-1.9865070819505328,-1.156277326765662,0.07139481224719127,-0.523448949498685,0.5374880549794423,-1.1700688958088747,1.7272184732274074,-0.3239009721917615,1.9290588838514466,1.478380561430294
B25_mean,-0.6685943910056652,-1.9307126226229314,-1.1144191516038546,0.1546961337225709,-0.4204429381653704,0.43114291487553025,-1.1552653404537299,1.7053490564405558,-0.3953232813030399,1.8800544234567023,1.3980062240295084
B26_mean,-0.5772245462142814,-1.9302705105446665,-1.1307523361814888,0.1976603724456933,-0.4157490369808993,0.531819790296839,-1.191484747430745,1.6681378999830951,-0.4149276468433271,1.8349552617402298,1.3735875186739552
B27_mean,-0.4383363712798104,-1.85342829402112,-1.1089674139501624,0.2703973644082103,-0.3782751743540943,0.361144569347775,-1.1456693877918291,1.6032634141356388,-0.4505924858100169,1.8139465383525668,1.3036479299313166
B28_mean,-0.34509638623012034,-1.795606690772318,-1.0374802526889892,0.3117150747374155,-0.3914278237685791,0.31734369449010685,-1.1530140920509473,1.5454836489856534,-0.4402057774048575,1.7578472042912996,1.2704544072642139
B29_mean,-0.2415853393489023,-1.6858831712514541,-0.9732799288280691,0.34793806702624286,-0.3429651166318648,0.23248567431130074,-1.1424947047028946,1.4701534153848637,-0.46628600244297275,1.7018786612724601,1.2075501829093316
B30_mean,-0.1723891435847377,-1.6236024872136354,-0.9985809092065868,0.39346402982736806,-0.3823888621616338,0.2784211817102455,-1.135688689681261,1.3963792389902367,-0.5122412747836862,1.668747362336564,1.1824291268974105
B31_mean,-0.00734166074890245,-1.5438697110798765,-0.9126974120223463,0.4024127928433256,-0.3050093523718327,0.13119467647171848,-1.1305254553566506,1.3418018769045408,-0.4843892370762573,1.6294437215634494,1.111004586034591
B32_mean,0.05472706701497258,-1.475872485431547,-0.8606048219072858,0.4449507025458406,-0.33357819585761955,0.059499913426427645,-1.0983386783223605,1.2975868766017384,-0.5277557005578365,1.5994879447318606,1.071426582835257
B33_mean,0.10159889357820613,-1.4235948330374955,-0.8347430744360209,0.48583231226339085,-0.3887461148192709,0.12337050121623645,-1.1231844165610403,1.2351324878039456,-0.5190296502099544,1.5681477588735349,1.0484715488308556
B34_mean,0.1921953999731605,-1.3787467201370864,-0.7837565038668822,0.5277930099370866,-0.3898888422779829,0.030349985502975255,-1.082738415763486,1.1728587458765494,-0.5401003261159698,1.5224014804167787,1.0088085997214913
B35_mean,0.34309459939104314,-1.2801797320270438,-0.7607245592584821,0.5674922890099258,-0.3356391993386964,-0.07441900856697198,-1.0444858934921466,1.077326701492044,-0.5329995787031375,1.447858546366583,0.9296240039787623
B36_mean,0.47019788323476924,-1.1574246682445763,-0.6959357709127038,0.6402700279222601,-0.2542711412929909,-0.234715361061026,-0.9534949247444794,0.9670482989802689,-0.572348668292175,1.301898275217417,0.8240760840275723
B37_mean,0.44833702961081134,-1.1581982232347663,-0.7536486044621302,0.7189120212395236,-0.3903634442839915,-0.07059968737662835,-0.94952925975794,0.9306022055985407,-0.667132979733817,1.2704744015006701,0.8426778349069123
B38_mean,0.6228648025092377,-1.0560992220299517,-0.7296253583678586,0.7357363454117235,-0.25228806163594963,-0.34157611318553077,-0.8120259197193836,0.8439394109832078,-0.6823029644629661,1.1509306795551573,0.7316444040199601
B39_mean,0.6682951228252683,-0.9463010029303864,-0.7733434468322061,0.808300932188817,-0.2428805106986253,-0.371875002547961,-0.716980844168127,0.7437116306514445,-0.7372843195639929,1.0219711525367847,0.6555219138759679
B40_mean,0.5108106072506109,-0.9992959078628245,-0.8499791903401251,0.9060060100777825,-0.5973564494785322,0.045225105995110114,-0.8322162889761207,0.7323411914985826,-0.7790004807133842,1.0716157458674593,0.7749168180279356
B41_mean,0.5271241971638383,-0.9328071748867602,-0.8794157953786734,0.9061553333566463,-0.6239913546235083,0.11067157404258635,-0.7985906624069392,0.6569816413894163,-0.8454397524199068,0.9983297855853625,0.777537558291933
B42_mean,0.6930389380465285,-0.839644672607473,-0.8253168567420727,0.8669613684651126,-0.445466139003162,-0.22043898523905905,-0.662726284159243,0.6084350183745612,-0.8300387163277624,0.8960374759163608,0.6767926257001354
B43_mean,0.9477241460436042,-0.5169760245073349,-0.6951338230039174,0.8369341660401093,-0.24747170538688776,-0.5439079723320835,-0.43887116323092673,0.36999450179159005,-0.8203737021004787,0.701118972473308,0.4055823317075441
B44_mean,0.5703098113422028,-0.686976016759188,-0.7926734470796886,0.9564616150593758,-0.825788859512229,0.20345445746703775,-0.7508084987588385,0.44043273667054117,-0.867867935836656,0.8696984532181499,0.7186360708413637
B45_mean,0.8174825973569783,-0.639766267977046,-0.7003110052524161,0.8478517058038675,-0.41283498998191276,-0.30645155689786197,-0.5863002748899384,0.4415444670508713,-0.8404392891365687,0.7578628875334786,0.5775218452687454
B46_mean,0.8024547997692726,-0.5709002346339392,-0.6796496644048672,0.8287462865347525,-0.5211902737644689,-0.18759694632428767,-0.6174233409342789,0.400058305567555,-0.8630238398291112,0.7179389824286505,0.616032604777465
B47_mean,0.855952198540771,-0.48281004522718773,-0.6321093273859729,0.8087176797618544,-0.46030754854237166,-0.3561740218259591,-0.5069552353644627,0.3446371021320345,-0.8650532639304355,0.6293936438317964,0.5480708412958248
B48_mean,1.0184297870818095,-0.37021107612378934,-0.46679296240114276,0.7260935170931015,-0.2349041333180015,-0.67403785348285,-0.38149796205108416,0.26884225602132694,-0.7702888158232366,0.5186329434305974,0.3930947646598703
B49_mean,0.9000789129040518,-0.3456321699451759,-0.5520939288464185,0.786287956247427,-0.5330472732778209,-0.3262391164510936,-0.4917222225874966,0.25024144406571236,-0.8582121960127242,0.5401278360427311,0.5221324562558626
B50_mean,0.9004227179522999,-0.2786777998984592,-0.5081453415550183,0.7788267016394042,-0.5941523362222995,-0.27445367534623927,-0.48999676743714554,0.2121050196041316,-0.8926611688852271,0.5069293688562162,0.5182763256610902
B51_mean,1.0029930844295798,-0.18324573956537962,-0.4352341849865744,0.7138992483751023,-0.4543425585600684,-0.41160618815243594,-0.42902453844693283,0.17782196254360724,-0.8703296093373347,0.4131122580341939,0.4329575905481637
B52_mean,1.0372437838463548,-0.09244107784152988,-0.39587555289228143,0.6897012880082579,-0.4959235989943468,-0.3959887951790659,-0.3856014472957803,0.09375046345842153,-0.8983144564638434,0.3620342004332986,0.4076086544071728
B53_mean,1.0939453538274044,-0.011971727629173874,-0.3522483655486464,0.6641614817562719,-0.49909787185601107,-0.422192629220834,-0.3478909913062471,0.04185605540335372,-0.890798030603043,0.3057050915222822,0.3626331538536043
B54_mean,1.1160608037031858,0.040433380971800034,-0.2826222261541725,0.6452786911855055,-0.4678432445491982,-0.4682302137213823,-0.3059744136521188,-0.011989964303495151,-0.8636629409865443,0.22470638047659708,0.32580474734517534
B55_mean,1.2118758452374363,0.13385850699910815,-0.16773319858282792,0.5339002788064982,-0.2668836159068214,-0.7295721550280868,-0.15104264245564025,-0.05550244189984304,-0.7970550403454135,0.11474826593142223,0.18618288753007572
B56_mean,1.2427574162356123,0.18717310406429172,-0.05071699586169579,0.5308194674372712,-0.2994695424502071,-0.8302166110295061,-0.08417046461471425,-0.10345955933422982,-0.7179049661775354,0.04939239744170473,0.11782548922241905
B57_mean,1.2195144966909182,0.24480286767169976,-0.08582370289523843,0.5718248630226755,-0.442629007777139,-0.6505037721294662,-0.12517156870544613,-0.16734737735229105,-0.7795619347988297,0.04582761613426866,0.15271284709946828
B58_mean,1.234966602324578,0.30512248464121416,-0.05075517013178099,0.5106541543102807,-0.5107668841464696,-0.709227850430883,-0.08554453124020629,-0.15547767588344588,-0.7434867724483082,-0.02434089545856792,0.1677734990876144
B59_mean,1.525251198166046,0.23568073462775652,0.45802618747782914,0.1711435632317986,0.25484657410932826,-1.5342188241643366,0.3420317590182268,-0.10509251995520419,-0.2755001226306882,-0.18301290041763196,-0.39227329259973653
B60_mean,1.1401599576730639,0.28868827794047136,-0.026809414219865827,0.6143066659194814,-0.5835048181763369,-0.671095342766898,-0.12645307166978909,-0.1736810271836855,-0.7035052706109929,0.05893221723950671,0.14999587091165742
B61_mean,1.1967695949902264,0.3364040023853441,0.0879534300006622,0.5870147410539074,-0.3835117399486036,-0.815228844388464,-0.06859538722174058,-0.21476895149305447,-0.5881355286389313,0.02352384793464501,-0.011336279166676741
B62_mean,1.0516844858651357,0.36475508815209706,-0.018989761142383287,0.7061031536203504,-0.6525516000766066,-0.366416921777308,-0.25882833175004244,-0.23945714471008098,-0.7378598250858425,0.047340211918944726,0.14383236755370224
B63_mean,1.2086002904865873,0.40345442783393415,0.02580627735968222,0.6130027939381812,-0.4781676696913065,-0.5103325299781275,-0.17157369994887126,-0.2504992891264703,-0.7166622460558172,-0.059230324344741556,0.05310375310163424
B64_mean,1.1899635834709466,0.41545215245971334,0.3188997737387851,0.21344564144962572,0.0072705151698244635,-1.4317573190958304,0.5066627446994875,-0.1989031725388602,-0.2846104225810514,-0.28383091332373295,-0.383003031277654
B65_mean,1.3002895937556442,0.46514862676336594,0.5049514340624726,0.22371791391556234,-0.24117918702989236,-1.451555004028972,0.4112574352956169,-0.2204471319756336,-0.2542867107545931,-0.21133859983120892,-0.328600911802285
B66_mean,1.0445147653805902,0.5602829087337147,0.3065468141265183,0.47303135097688565,-0.694504338161043,-0.9994772699492427,0.22115654638617707,-0.30815181813998965,-0.4502417623067398,-0.2479139147908189,-0.06565784428747412
B67_mean,1.0327715351608573,0.4553109489877189,0.2847095134653429,0.5610823178809697,-0.7180631616569685,-0.9193408634360453,0.053625533482356685,-0.21507544879761326,-0.5393458464239486,-0.09674960445858573,0.02857707539468551
B68_mean,1.1820431197919552,0.45094694343053243,0.37421301342064406,0.469589968273487,-0.5978245326672561,-1.060598165924574,0.06321627142347261,-0.22692872159694713,-0.452265224321745,-0.05346352051849189,-0.033964098116503444
B69_mean,1.1751232837108472,0.4609645395318136,0.3277445970960756,0.5074102888097465,-0.66348765019646,-1.0149356415018453,0.04790797604713769,-0.2173329352965321,-0.46690661146850465,-0.030979689129516427,-0.030508156015966393
B70_mean,1.2698325929552299,0.4881275940933856,0.32744606140746574,0.4602132978788288,-0.6156107384661723,-0.9916182640899189,0.09253351125446066,-0.26837713388851675,-0.49813134346254023,-0.11612765991340035,-0.0582499186722557
B71_mean,1.2040758032502885,0.506736778979675,0.3810608990058526,0.5303827069092439,-0.6535440920012768,-0.9294133130576306,0.09139850277274855,-0.3047122627904219,-0.475872959037009,-0.20056509809175,-0.0798416300970242
B72_mean,1.3443563819115967,0.4768356360830358,0.44615592670331594,0.45942292951991887,-0.46681343935329095,-1.062744664245725,0.12974806253544519,-0.2859602155719165,-0.42188236660665585,-0.21040590290091224,-0.17402368940310298
B73_mean,1.4370707642132101,0.5169040366130272,0.41709696197824014,0.41656519377323514,-0.2822355261539429,-1.0777820209940798,0.21586128855606912,-0.3347554857264701,-0.3653188729275999,-0.2858884306121222,-0.32927647392327464
B74_mean,1.4503738460681939,0.5804760041158088,0.374198178251878,0.45714671361128073,-0.2727212831837109,-0.8613389648264784,0.2126613501209713,-0.4356688154863783,-0.47014884619353114,-0.37926193162013483,-0.36408146329803026
B75_mean,1.3667803647255414,0.6316207914090165,0.34883571491820176,0.5655929805243359,-0.5025333758595785,-0.6369224581362865,0.14694084026989648,-0.5121826588333366,-0.5487249699553038,-0.4028231292834422,-0.2866155343057164
B76_mean,1.3338325973460132,0.6971065393418502,0.35363311439197215,0.6107061321060079,-0.6761267692615365,-0.5105015813009851,0.10969281087449152,-0.5541671121467336,-0.5454322121318373,-0.4256167485821481,-0.260821051053086
B77_mean,1.3523831018392796,0.7313898777240545,0.3430751890336971,0.6069768706770364,-0.7232793237650161,-0.48574101179619,0.1427360292725768,-0.5972380051148425,-0.5209823777026099,-0.4561385332050075,-0.2846764103210958
B78_mean,1.3569795579351356,0.7059378450623546,0.3776017984995158,0.623630325757636,-0.7232096689543537,-0.5265285923701486,0.180966855497441,-0.6173495219756452,-0.4900019051116712,-0.4781634791411552,-0.30936664931933183
B79_mean,1.3511105763045483,0.7221030147089953,0.45793997801956576,0.6120284637934819,-0.722787904224087,-0.6056205993109626,0.20816753164084384,-0.6052127126929454,-0.42675321312352715,-0.4766166773369318,-0.35882402206809894
B80_mean,1.4354374736423583,0.6749756920740946,0.5566886559004626,0.5213745142344236,-0.5999037103770365,-0.836026122476712,0.31091291339996724,-0.5748253137620782,-0.32309855525094344,-0.4890868542734892,-0.43856187336732266
B81_mean,1.5194363175057757,0.5552092700506379,0.7596923486341067,0.2237632667289857,-0.28761896393844344,-1.4090389175071925,0.530579518341229,-0.41342753397974474,-0.0324595923857881,-0.3661131194215047,-0.6131952222413548
B82_mean,1.5183559987466269,0.43205628937329427,0.8778270869781106,-0.07392470059567029,0.1331918111890123,-1.679918928315204,0.8271187144468158,-0.39497602245429086,0.3639422682007239,-0.4184752582856378,-0.9172510206574922
B83_mean,1.0827574873748795,0.6785581616595375,0.5269038390118578,0.7382590090991209,-1.1300965040403155,-0.7377749278349867,0.37517714163566573,-0.6729485014370525,-0.21655014409353887,-0.4831437738993591,-0.3253654138992985
B84_mean,1.3256466703359273,0.5253236149067302,0.6638499531815353,0.37581693798639854,-0.30828769728123856,-1.3332311993848518,0.6102857145383732,-0.4752268352439664,0.051837689569723885,-0.45203486276537214,-0.6772635134876976
B85_mean,1.1122576066354428,0.6944051792114746,0.44978226717692604,0.6811694162639632,-0.9058316308972498,-0.7787668015407457,0.39203738463537274,-0.7193635905968931,-0.14278058548286746,-0.4426548186454772,-0.40337106761859304
B86_mean,1.213104800550448,0.636336836964036,0.49434766921444284,0.7148586565128919,-0.7397404930464122,-0.7658113247593953,0.3471741567417979,-0.647730606538316,-0.23726518470250837,-0.4547330933170937,-0.4682068837953498
B87_mean,1.310944667917376,0.6374178258314145,0.5035539783685642,0.6568789686075757,-0.4487882635037205,-0.7444401501564907,0.36212198062742124,-0.6963643338594215,-0.2011284416884121,-0.5078721964700652,-0.5975398423858017
B88_mean,1.3034280727137435,0.6262676203602427,0.4420257903189457,0.7662801245063883,-0.6147558310818779,-0.6110181806391424,0.3097739723164587,-0.731569523554566,-0.24116372485056992,-0.5041365018538421,-0.54247867969863
B89_mean,1.2777006392442545,0.6542035286051614,0.43599891210477404,0.8137256812693269,-0.6939028117329326,-0.50273612972765,0.27062294772526413,-0.7610288028120504,-0.2571591027491145,-0.5268247340111312,-0.5250781245944579
B90_mean,1.2533610075975763,0.6794795810561775,0.4002639412262143,0.8683049701764396,-0.7973098493654109,-0.37540949396428713,0.24676358116049132,-0.8074312363341275,-0.2671582594230417,-0.5524639219687881,-0.5094030771544379
B91_mean,1.2601607970207653,0.6902433569413929,0.3851504774719636,0.8749036948758122,-0.8253935022952263,-0.30526046313011995,0.25457957246197294,-0.8698185677033057,-0.2739014707967494,-0.5733240276295126,-0.5076491010926286
B92_mean,1.2648842136579466,0.7353872952431085,0.3723346633927455,0.8711673948598185,-0.8217553286506775,-0.22939394323814716,0.2384091022304014,-0.9051163014479384,-0.2629162986134731,-0.5835441339808128,-0.5345488734000228
B93_mean,1.2290121868745034,0.7423200867771653,0.38952311702649467,0.9105125803269812,-0.9427788328570861,-0.15520540713967565,0.25973706766081106,-0.9457489377648503,-0.28411675148758525,-0.6175465051731192,-0.5223739292577
B94_mean,1.2331813983840916,0.7786069557182762,0.450161222470785,0.8656411885498715,-0.9621874133044543,-0.220875697502624,0.31395218666144237,-0.9554718017432091,-0.23266551724255313,-0.639160437301694,-0.5607261712439144
B95_mean,1.2785830108627347,0.8701812490027436,0.51562044481864,0.705632537210802,-0.8686760244117675,-0.3416476798644239,0.4453591164929496,-0.9895184339928883,-0.11606609014258466,-0.7004031717978139,-0.6774237127098972
B96_mean,1.2883462699117332,0.8355590945536423,0.4810657635742917,0.6990934898118661,-0.7934288195973628,-0.372305782753532,0.4983618234464889,-0.9917391865131004,-0.1018917553731892,-0.7143238813870713,-0.7198531315724938
B97_mean,1.254234547654743,0.7833400290556563,0.43088416783456224,0.7987563386528109,-0.7854793998712547,-0.27863778102932596,0.4268799871953411,-0.9891875205013495,-0.15930137830837424,-0.7209150471038608,-0.6735854869640283
B98_mean,1.2310853174618892,0.7869492829817871,0.4777150528829806,0.7745133488627798,-0.777124926172677,-0.36203317798406,0.46358360248246805,-0.9754798504364904,-0.09579514848293394,-0.7210757968213075,-0.7014483492514486
B99_mean,1.2139305262276299,0.7990953786276276,0.5104530717192712,0.706537551478427,-0.7181185913270741,-0.4387364468733367,0.5019222666463418,-0.9817549402966115,-0.06820082058242949,-0.7106408768473086,-0.7114353273911915
B100_mean,1.1901885744596998,0.7895167925630022,0.5429129665233651,0.6793523481357483,-0.7050890335889042,-0.549685695468086,0.5187807179682784,-0.9463308631198571,-0.0051064026111126894,-0.6864049462144719,-0.7109595529022854
B101_mean,1.1198653518960078,0.7657510594283565,0.6191371087748274,0.5811276703717905,-0.6890384680143118,-0.7983639599992062,0.6249309901758922,-0.86344401012908,0.08049717531873553,-0.6264316327294597,-0.7308114388000053
B102_mean,1.1628609282834386,0.6371403660139977,0.7835573720040208,0.3020004723074381,-0.38632363611756,-1.3230423586868567,0.7738084108118322,-0.6634458623527472,0.36598400771698936,-0.5117816905430738,-0.8398247263426584
B103_mean,1.3764340722170432,0.1578096599078376,1.2892695501769194,-0.6572040651254458,0.5837895240845621,-1.9111194969931091,1.2848862162939318,-0.2939067601428013,1.1752281429555442,-0.5272443648242623,-1.4055814109040194
B104_mean,3.052464046560674,-1.681072409433636,3.460858668732532,-0.17592267373346074,-4.864083165865827,0.6645585472433229,-0.9174799266712801,1.0537055636825812,7.056791212773978,0.9469471187382438,-2.19436431885019
B105_mean,-0.6438057590485052,-0.03573241227295909,1.5221744556565482,-3.343965714031451,-0.998798057437953,-0.49982853296791774,2.7677930840538805,-0.059390380871237373,2.949378319152321,0.13152399934343342,-1.7148432773413855
B106_mean,-0.6605320897874261,0.17200343009405314,1.9839142108928378,-3.5241310734805076,-2.623097762362303,0.25251674147052044,2.881644759925259,-0.3099532113370901,3.1891961703453395,-0.10140508318757965,-1.540161566633938
B107_mean,-0.9948682382956039,-0.14019067988437478,2.3265006955817666,-3.647397373642473,-2.4932844742974685,-1.2244271151365786,2.651673328795062,0.3346711636309217,3.1891535571096963,1.046926320214081,-1.119133539005434
B108_mean,1.324425869494919,-0.4626940795033824,2.628861759340832,-1.7919849800632874,-0.10101322550498389,-1.343794127325453,2.160008087697703,-0.21407093140161054,2.0233336361297796,-0.5296209030327607,-2.130671664262715
B109_mean,-1.5360260197937938,-0.46436824535871557,1.5163262189863633,-1.9249665069827195,-2.9493258670339144,7.540311219155983,1.4564417537674839,-1.650514514920631,2.125161742277341,-2.0971088750259477,-1.9240893717402343
B110_mean,-0.25677591569122477,1.5167839320036107,1.9306072865118624,-0.9069752714701668,-1.6829615757970133,0.72625270746308,1.7687276697018137,-1.7278693118554334,1.4657095567507918,-1.6209995871858218,-1.5182786324000952
B111_mean,0.05612039718983412,1.4749618773013133,1.2931562125707148,-0.6020386316253489,-0.8728712192248952,0.5648464752094773,1.5239081472108333,-1.8067568082604493,1.0514801853495122,-1.3397813066841804,-1.4963549978422335
B112_mean,-0.47472389547505095,1.7335008680441657,0.6264515949352032,0.3874877518124712,-1.9466160692584138,1.7078632042248059,0.7641079481135644,-2.07690899940751,0.478208401966105,-1.2163525544376743,-0.816349739205276
B113_mean,0.7437139483940212,0.30930875879990755,0.49299906650480524,0.7833132770076008,0.14128321801891286,-1.1820877141649266,0.25888407209454956,-0.45402584781037003,0.21525558711575427,-0.24632068961643672,-0.6101032247191179
B114_mean,0.777892154673082,0.4860823211268142,0.4661743149050795,0.6060040100492218,0.20947562279464607,-1.1196009389346455,0.39985203961831417,-0.6173454351918909,0.26990313336544025,-0.33564760525384235,-0.7221426447091632
B115_mean,0.5066543773136043,0.5112307025884874,0.17595918474741717,1.0220097220880444,-0.2744191280059328,-0.4560139108549415,0.09518616708753931,-0.7784031381380312,0.005047276862525418,-0.3225795998406356,-0.41743792419065284
B116_mean,0.4214162715414494,0.4424676313203347,0.08658945326583808,1.151882839282561,-0.48651167611537377,-0.24447224975315196,-0.14285013578951425,-0.6478307638844584,-0.09797224557372734,-0.1694386012861754,-0.23942646011397412
B117_mean,0.5040148715635365,0.42866667503294786,0.17315309135368415,1.1138857645544786,-0.3305506655561973,-0.3050300711812472,-0.11164316560326137,-0.6407077818489947,-0.1397805996488969,-0.2216267370562799,-0.3052098862254008
B118_mean,0.5675604982532666,0.47426906724168666,0.14559831703183712,1.1196672326070969,-0.3444676175028137,-0.16338234975240531,-0.1264390159422926,-0.7167233833845551,-0.15670415853360983,-0.2723321176764511,-0.3338866893085843
B119_mean,0.6064700273144792,0.48224051296006226,0.11474944537197021,1.0988227548676799,-0.22727144139179367,-0.12572307960185594,-0.0907020923565922,-0.7499760049556352,-0.20354007636664107,-0.30777290939566826,-0.38976408674919333
B120_mean,0.6254026795356481,0.5066132688328283,0.0884952594216285,1.0891632077853721,-0.21661628676535016,-0.1025418129252118,-0.08635794782619378,-0.7682009073091091,-0.18029297585525317,-0.3297330886399433,-0.4075310601782207
B121_mean,0.5748767277682226,0.5133627319578197,0.08217080146192286,1.1209887758538732,-0.2800330599118457,-0.05466176093763293,-0.09683672224118549,-0.7626589121560385,-0.18750563016389246,-0.34994225442935345,-0.3877328928667024
B122_mean,0.539659025581839,0.5265495355090999,0.033421097235572475,1.1247410541830678,-0.27615866155917074,0.03491204030497455,-0.08973599239493535,-0.8067321622097455,-0.23507738293225522,-0.3558256538296035,-0.38110093070194184
B123_mean,0.5282278963593954,0.5551909597690788,0.03156811734101182,1.074325063178747,-0.23998477237002794,-0.06712939059051647,-0.024125747474919218,-0.8176928409731847,-0.19508246509052954,-0.3641173881820778,-0.4023506797536737
B124_mean,0.5096980254925982,0.5978139327033369,-0.0007629410538405044,1.07126275270228,-0.29488281455810783,0.005050208806738016,-0.0061538953671003045,-0.8713110258211925,-0.19927837055910294,-0.3880515926798064,-0.40121959668339907
B125_mean,0.4936027031286115,0.5843699028787184,0.01918321855998529,1.099020806001604,-0.3242996310761505,0.03817621558172743,-0.01933510510343441,-0.8666581344607812,-0.22293507062462373,-0.39564590523735177,-0.3920884498769374
B126_mean,0.5251476644989814,0.6145695994404182,0.029436924626748913,1.013963051452634,-0.2006067737137468,-0.0962101298743718,0.059997458229960915,-0.8773543149136822,-0.16137758938169217,-0.42878739077975303,-0.4475029479349476
B127_mean,0.5359610717457176,0.6767180413322074,0.009094092926139545,0.9633666086643302,-0.2280414727502245,-0.08191133101206347,0.13311204904699545,-0.921704069941035,-0.18309365005196288,-0.4758325486973243,-0.4717824834138754
B128_mean,0.5297510194721277,0.6715594305361842,0.0011979573071074813,0.9914110308324251,-0.29703182288197155,-0.022477548524263972,0.12441882027711407,-0.9597425527693652,-0.18303806093072741,-0.49827875842513286,-0.44432813795417014
B129_mean,0.566909928151147,0.6635321055008239,-0.022859702110122518,0.963989981871801,-0.24227779499032545,-0.039581760517048835,0.16369256479376482,-0.9724720330404407,-0.20153979961509744,-0.5192385394871379,-0.4630789292119511
B130_mean,0.5326092753080907,0.740260613514741,-0.034733113221027845,0.8905849394758615,-0.26274514266423443,-0.08979465413107235,0.21227547424364918,-0.9788013955758365,-0.16257530779313029,-0.5322094070931321,-0.4675626181830439
B131_mean,0.4971417758524045,0.7066510241706712,-0.10418859579562013,0.9411761832724018,-0.28802940606643235,0.02950260809267153,0.2093972007379156,-1.039602562984037,-0.20451382905989152,-0.5443572756575767,-0.4400860628986745
B132_mean,0.4357808199587455,0.6952658465914608,-0.10342236960118115,0.9387461272190968,-0.2637926396345449,-0.028264409532409537,0.21499014608664818,-1.0073947491410813,-0.19191948443280696,-0.5217264493635178,-0.42770186016920325
B133_mean,0.3853285745497665,0.6808614746709528,-0.1361084190479798,0.9003101768160974,-0.18109256130865722,-0.036336777053649745,0.22031235412989808,-1.007768291903945,-0.23907246679449595,-0.5049381631320321,-0.3919432178863073
B134_mean,0.372851563152392,0.6412646862859172,-0.20228292526868227,0.9378069840297932,-0.19368258920154668,-0.007321750764145813,0.21548163777804866,-0.9838287624022934,-0.2706596465880179,-0.5116896318037307,-0.3655535141938386
B135_mean,0.27415983869954547,0.6244023910598211,-0.2754103051629104,0.9449909960105215,-0.1606927312641539,0.012377365113594004,0.17218341309380442,-0.9603584527767767,-0.2682947840623537,-0.46390495982291036,-0.30942291500840713
B136_mean,0.26657127462469327,0.6033759046328256,-0.30778404961474876,0.9353132398490118,-0.13105567494163053,0.024897021727090185,0.14526202987522455,-0.9332096290147992,-0.29856104808152373,-0.47030883560547787,-0.2652773747236269
B137_mean,0.14499957680721834,0.5857491369382254,-0.3140132625833501,0.9340588419076733,-0.11154640518092825,0.007046593022996268,0.11706763838243286,-0.91738181155652,-0.28711938854804475,-0.4178729423591183,-0.2121444731962394
B138_mean,0.16764111372005983,0.5239902537319445,-0.41221826171486803,0.9421395675951185,-0.0847171019651529,0.029665307956892706,0.08581885844324416,-0.9034394349683228,-0.3115646423284408,-0.37904035087577476,-0.1579158185446187
B139_mean,0.12078758605260297,0.5156941860510572,-0.37326029016015044,0.9155550614663224,-0.0763429122802467,-0.107628946350064,0.0810261280878146,-0.8221374776524412,-0.29589824968284295,-0.3017226762573526,-0.13851194485747387
B140_mean,0.20435070827024082,0.5652859452463184,-0.3764840519221769,0.8228341815662925,0.01725366170828116,-0.2233147026077136,0.1162182917422339,-0.8144610941109435,-0.22337564480928226,-0.30412019875326374,-0.18745998666551883
B141_mean,0.09898090006539936,0.5992208875644193,-0.4270677779972007,0.824554279532148,-0.0773652589959149,-0.1804835664798912,0.15352583750745558,-0.8622200274074481,-0.2016625665335742,-0.3228266512395175,-0.1505210589814226
B142_mean,0.1879297695149162,0.5914143885633663,-0.3186103606696649,0.753028844247075,0.08879843218875123,-0.33623152009765894,0.18729857598208838,-0.8246916692414243,-0.17303827703517802,-0.3361500336856194,-0.2254183136272723
B143_mean,0.17780898864520345,0.6091951400637945,-0.2020723505834792,0.6297642595044495,0.25709307646016816,-0.6011249737127552,0.30569120442128567,-0.7797618612141203,-0.030977387598666774,-0.3569514009037535,-0.3324479858700974
B144_mean,0.39835914815752343,0.7259113318592654,-0.08948500051346397,0.4160711743323675,0.3184042617004966,-0.7741431513664423,0.4627125164008833,-0.8099452604479913,0.10835137708986241,-0.4135795754457641,-0.5071290805663005
B145_mean,0.3226322360979484,0.7275726751929141,-0.03154964476237911,0.35822233650434826,0.3842351385601706,-0.798116579764949,0.5813216652256394,-0.8541689928424132,0.1494650381831603,-0.4973522342911358,-0.5725626920314165
B146_mean,0.6982936976861003,0.5063291441523023,0.38728194982041875,0.041842323034505614,0.6045203114981698,-1.3713326868746654,0.8275303525107041,-0.651299884767171,0.4393861349902169,-0.47531664336025575,-0.8238428617972244
B147_mean,0.37586057923162486,0.9061018367161182,1.028784535155877,-1.26049197955014,0.18222513462333653,-0.690204228881265,1.7910081813640373,-1.044351720092983,1.3254300769911915,-0.9778404810939979,-1.514873641166034
B148_mean,0.1710071695475449,0.9516088677727075,1.4895480495003701,-1.8715375905089622,-0.40419202326189163,0.10187996858150981,2.161318445448169,-1.2185183058961508,1.7077229695898286,-1.2518596924118894,-1.7562950553374497
B149_mean,-0.15273017340357345,0.7271833796048998,1.6551123982904623,-2.2402271530828837,-0.7291428393346069,0.9829117152297457,2.428230019004547,-1.3339314732847851,2.092255359987662,-1.2621956682994895,-2.0463991084399376
B150_mean,-0.6225947248531932,0.4681582503591396,2.305135796746695,-2.391952570520674,-1.7844975037022208,1.6690733346066584,2.651542373362287,-1.3389580404651409,2.56872428617425,-1.5818309709880525,-2.0569162675007426
B151_mean,0.2735948071747663,0.369095966908324,2.449572082504725,-2.8395944896136944,-1.1906615903583397,0.3922455354718481,2.529401953901023,-0.7596609273394039,2.8904470609417894,-1.2237952351685883,-2.107130095347515
B152_mean,-0.034119000929748386,0.3944640455275159,2.800564775216754,-2.7238619182589723,-1.6436133386353629,1.0836194955777843,2.562378853452587,-1.0557791377884997,2.8857458773188394,-1.4222319336657008,-2.1802631025622414
B153_mean,0.2658993505753674,0.13776141668329459,2.874353591873435,-2.6140832352562313,-0.9622951688649956,0.49695562645093444,2.5187502905181396,-0.6440453157180802,2.5635984070162223,-1.1801697079200406,-2.3633168197089627
B154_mean,-1.5492144529924106,0.4961410633603517,3.3691134222334886,-3.1802024789989396,-1.7806078512800736,0.6664766967352083,2.625394835488282,-0.15144325252235455,3.0753132878061145,-1.2033700653296702,-2.0092676820037556
B155_mean,0.5026760953561149,-0.04275087048126233,3.307516351961155,-2.2553422167158446,-0.7187952009051924,0.7197049890415743,2.3940283701560694,-1.1987049211360201,2.4931357986218567,-1.5654009490309764,-2.361305555968459
B156_mean,0.10904572865851958,0.04592520586604456,2.4798675954284417,-2.1653376324140927,-0.5473063766092149,1.2351599330097593,2.4936460730571786,-1.2522652402832606,2.312770112448868,-1.5055633666795327,-2.4161925396083173
B157_mean,-0.24725279828062302,0.2488556862784605,2.5524717158464716,-2.090771256147075,-0.749926188421958,1.6058196464266674,2.4041138729785585,-1.2881850212980173,2.5839851522011186,-1.6344667032542015,-2.5214210870738314
B158_mean,-0.8230666054809457,0.09217120213694042,2.374313201064392,-1.963333687821046,-0.939186112081984,1.838727850379092,2.539159710933166,-1.320513526554212,2.8193527737731965,-1.798154799186597,-2.442708344508317
B159_mean,0.08043494515977873,0.22596272998604447,2.4587022953504074,-1.9122094164971457,-0.6127089287734515,1.3367323305328027,2.3331026312857546,-1.2048598923788207,2.665151826477238,-1.9176481543478112,-2.4994784272038215
B160_mean,-0.20647953302425445,0.5215381953301046,2.4205471168479464,-1.7571336621393832,-0.4396129346471361,1.7119043253834114,2.1680431223401513,-1.518467851041796,2.256889656895459,-1.763025061420853,-2.493102607679548
B161_mean,-0.3000451538665775,0.922067212127391,1.980105516606094,-1.8367086406184432,-0.5674638590120329,1.5475887694045114,2.1268465727655523,-1.5437211346453097,2.1778140890558304,-1.6020431242072704,-2.3085906167810473
B162_mean,-1.0736015351114812,1.279783946996889,1.7967229050390712,-1.9593082001629638,-1.3812612590747821,3.2769460697655175,2.0179391756367866,-2.062586896432417,1.823143663472542,-2.002453220640703,-1.9469710998827843
B163_mean,-0.19556157176967937,1.2910660286050288,0.9860152986880681,-1.6761490420177225,-0.09560011755322521,0.03632021712126952,1.927660035879235,-1.2389123523614205,1.6056117732954078,-1.3125522395928908,-1.530402232641159
B164_mean,0.01982922122600708,1.5249045163585517,-0.22212395493734075,-0.7107623803345031,0.05890610737131975,-0.03724077579491973,1.2584732436560446,-1.276493217681119,0.6164235819910934,-1.1566829445580258,-0.8609174561270583
B165_mean,-0.3673439023526929,1.3139260548875533,-0.3010154684887046,-0.001360828925051504,-0.15844565350828993,-0.19882120932594713,0.6867902658804814,-1.0943770427946438,0.18110959217801445,-0.9142021875922369,-0.23306235209597523
B166_mean,-0.0972041304352892,1.0695681327482647,-0.3093848063370279,-0.038440639049773594,0.5639910058802755,-0.5561775977299357,0.3431689395999059,-0.7408634200199037,0.09407347229541675,-0.568647672041129,-0.20730981427606124
B167_mean,-0.15246131022738163,0.8889407006563722,-0.5653463777752938,0.13029615050054938,0.5368436241089917,-0.4310727806245762,0.1979633943699928,-0.7002421219097601,0.001064912353752024,-0.461844448914576,-0.022716793190005247
B168_mean,0.4284771395715852,0.8353756412395665,-0.19613507802102867,-0.21851772911060557,0.7880645718014314,-1.1751504986052825,0.4710884990643416,-0.48996153724694197,0.32043262757996605,-0.3897090512520624,-0.39302055098187133
B169_mean,0.4406395068415296,1.1076450848535617,0.3896374126930371,-1.1132903057404553,0.8979335646373314,-1.132647147182027,1.1980100117975383,-0.6033840847471847,0.7750698050286771,-0.6781660684863676,-1.0683207981883052
B170_mean,0.03717645462994033,1.8138646493858008,0.15611385494603128,-1.0458217105790617,-0.3233203229504091,-0.04389603134615629,1.2873962590354053,-1.1624368765540796,0.7284825390108361,-1.2910309469325965,-0.8495334346498302
B171_mean,-0.5871124203805593,1.5687123330396726,-0.6763406473596161,0.030884686532250762,-0.3347824250024685,0.31074055211264595,0.6777402862433273,-1.207791204855536,0.2415350793167757,-0.8876264042249008,-0.3437323702353928
B172_mean,-0.386398891189604,0.8277721320356958,-0.6917397654408989,0.36225042463588514,0.5638225174012648,-0.19897317509649273,0.08718618306999812,-0.6666734360897101,-0.02731259273225494,-0.43904080229055653,-0.03617712385170781
B173_mean,-0.48470017769451623,0.45441860334718476,-0.6925334186230994,0.4306540746487046,0.8156715055415409,-0.17655173216775727,-0.2154977547438815,-0.385196704878631,-0.226112824582417,-0.1056160364549012,0.17522291572941365
B174_mean,-0.26672196768580086,0.3063820706473171,-0.569591976085562,0.3062972055218395,1.121108720229466,-0.5136367393911158,-0.2076520828451543,-0.2603283037907186,-0.12617566384603066,-0.04391835695643988,0.120364854691357
B175_mean,-0.40268782105578066,0.5672505218929411,-0.7079985590086304,0.23054932747603316,1.0709853254372927,-0.12679849834735069,-0.16362951218869362,-0.5338581283648582,-0.21767105507695655,-0.13325488670191102,0.09852295256944239
B176_mean,-0.7599351611536306,0.43269194713136705,-0.7788901245406065,0.47477502105631697,0.862998096886525,0.16828491398984063,-0.4022995402522739,-0.28226684385882145,-0.2640299837535522,-0.09206257200449759,0.2503588779059918
B177_mean,-0.7574698064228834,0.29253569277431146,-0.7788245095293154,0.48884899993597153,0.9276967360253623,0.25507181527818173,-0.4818885278601355,-0.2503895992914007,-0.28491732571268985,-0.09375126128907971,0.3259958839000754
B178_mean,-0.9911423503261674,-0.028475508416738824,-0.8789167515466589,0.5777426333260384,0.8341850532530687,0.3823971370698488,-0.6941701284407888,0.019118247311834202,-0.2708996703282878,0.2129925585557506,0.5106801451210672
B179_mean,-0.89509170510491,-0.2232478338416117,-0.8235039688530695,0.5235342513349641,1.0495157447622006,0.15352223428449424,-0.6930362916673473,0.16382206394627574,-0.3180719937590001,0.34594859652619564,0.5153151362588951
B180_mean,-0.9959020330562117,-0.3193306844776448,-0.8454851842372335,0.531593577613449,1.0582427368756466,0.19581990849334358,-0.7527744809288559,0.2864606068916463,-0.26245492481797,0.32825116426444595,0.5732179258852093
B181_mean,-1.098132430466932,-0.37768238977172824,-0.9698186746402794,0.48856757066982953,1.0102337388424003,0.32753599314592324,-0.8024762928472525,0.32091156767169227,-0.23530651395369034,0.3901369877446933,0.6681951340658892
B182_mean,-1.0770617118608818,-0.44336914476633443,-0.9038970295114518,0.5120343013712874,1.053273003935585,0.2933509170064197,-0.7903353470145046,0.3581051737516926,-0.3435091909528949,0.4291343737557406,0.6529459729043077
B183_mean,-1.1775673170580887,-0.41337013670342265,-0.896538574486828,0.4685396433953071,1.1000719296028354,0.2779406071908635,-0.7644722175719277,0.3773350431233356,-0.341060859214386,0.3720421572709492,0.6695609175061289
B184_mean,-1.1371274603252106,-0.4041889071910657,-1.0076942705183463,0.44694403123334375,1.1299919979235955,0.31879738804371477,-0.723599870429358,0.29813865581701904,-0.35358922655661945,0.3396090225084654,0.6814807036079742
B185_mean,-1.1655598913761764,-0.3826146181260269,-0.9996139983297283,0.4017752624561746,1.096846160042834,0.4317513887513577,-0.8005760944080201,0.355720526159122,-0.3251510142392691,0.31501312316303987,0.7170926622794351
B186_mean,-1.1933169498623917,-0.3470853440159295,-0.9910853098301944,0.4186042873918191,1.0770456924241674,0.4297216185113475,-0.788418480735504,0.3157102411877181,-0.35972069624480657,0.39680809306141995,0.6879390138367794
B187_mean,-1.1953104521640434,-0.18984250823624463,-0.9644144550658291,0.27804434405786105,1.2199973146547434,0.15562549546177248,-0.6926211898334154,0.3194007864710788,-0.26060469805672615,0.35792189119232115,0.6297817817381779
B188_mean,-1.1198974457537334,-0.21275406152241885,-0.9356400883529815,0.21266083144297643,1.3295847056541923,0.03629806313940861,-0.6290997991446434,0.2972320776738241,-0.237302361700976,0.24666104808135306,0.6399108934282944
B189_mean,-1.2026117711855095,-0.11972065642056333,-0.9768142646861246,0.10025452076287643,1.37365188179913,0.1258405780628947,-0.6289265121513619,0.3149961897865777,-0.3088372706083433,0.25290715746517317,0.6545417484892931
B190_mean,-1.2828026168972093,0.0006735999067637682,-0.7548715457981245,-0.001407841935850824,1.5372460781631627,-0.15372736267962564,-0.43251727780366483,0.2572425159213357,-0.3456033135247139,0.08863891421004223,0.5699288640771546
B191_mean,-1.0752905265011774,0.19103779700244414,-0.6169566605791578,-0.2219973672733599,1.8157680309209931,-0.33022405344901384,-0.32068195206230027,0.23560795372979337,-0.2957794199237861,-0.12902214238172058,0.40813002355117795
B192_mean,-1.27431457425434,0.4786275253622279,-0.3557533378037928,-0.6413020875522913,1.97289842617696,-0.36261159187657477,-0.08159948962007679,0.21314316054164462,-0.39538479489840833,-0.48620630675957777,0.37838310200185377
B193_mean,-1.0621491784316879,0.5603774968019092,-0.20644762622866367,-0.8584968334646684,2.2318222420552365,-0.5848587863796516,0.209262607292073,0.13042547241384894,-0.25449615017780924,-0.8003774502970016,0.13899785401828493
B194_mean,-1.0181585211646138,0.7495623182333575,-0.20608073025548046,-0.9172022793259389,2.0938094146512394,-0.480073870648598,0.07396609273635506,0.11085358028395859,-0.23212404249525617,-0.6798473276484546,0.1600261659103882
B195_mean,-0.9112588315025411,0.6828430961408521,-0.21812982526352792,-0.7290290213129618,1.9249975717185137,-0.48296934454557905,0.03716326397864979,0.17892543886012857,-0.3161464013236699,-0.7910222226211571,0.2100983181293643
B196_mean,-0.7692374045971694,0.5599522432254018,-0.32378715816943543,-0.5664560149431628,1.8251172679690892,-0.505270629072958,-0.022970801010917332,0.03643460176825814,-0.27157045913681277,-0.6135833685709237,0.2611540448566593
B197_mean,-0.7357340950677914,0.4385558877361236,-0.4509914621516534,-0.2906026422577414,1.625379745761287,-0.25555015383167234,-0.07990050155099351,-0.03865124993896199,-0.558899380507131,-0.5624071962271772,0.33858746776174986
B198_mean,-0.7424065661367688,0.43324026824600653,-0.4667887138670716,-0.13193365446871225,1.3774010484741745,-0.2529379428149176,-0.2990467684465975,0.10270503411793883,-0.42433447276495934,-0.35335010816875195,0.3876813547139008
B199_mean,-0.7143977759720483,0.14515149515714415,-0.49344716116386417,0.1834147880092185,1.294306021282514,-0.1923526793502018,-0.3345693125767384,0.084716877358032,-0.5236334966597985,-0.2941853987123847,0.4149406083140581
B200_mean,-0.5637560645915384,-0.017815684697353538,-0.34918784980398504,0.3801596545027576,1.0552331939972466,-0.09561080588994343,-0.5460562062602703,0.11222620655205787,-0.5021094743130227,-0.09924128412967283,0.45948005078637955
B201_mean,-0.8131413184249854,-0.22028387196678903,-0.5679301178988333,0.4436479686149307,1.0417472241779149,0.17438913987487112,-0.6575764012376883,0.25526372220672877,-0.5575019332546131,0.0019739279980756797,0.5969374302006022
B202_mean,-0.8573928180815367,-0.3424107184422156,-0.5892921506986335,0.4017941940723363,1.1477402774623109,-0.015091527839532945,-0.7181958355308634,0.49264214904283044,-0.4129583741122604,0.1325417591906474,0.6054122245115022
B203_mean,-0.9613843962955055,-0.4577935492372291,-0.6263441095434888,0.3770137131895854,1.1390519896588602,0.06495616106686583,-0.7889807470623262,0.4844924118933531,-0.35369620683309233,0.297714187317029,0.6858961465510998
B204_mean,-1.0697305794130405,-0.53045900244027,-0.6372424292037734,0.4076547465833352,0.9684851866628555,0.15781876934662384,-0.8129471591755586,0.6244304637604907,-0.46289535239029544,0.30097558249443174,0.7792243266070652
B205_mean,-0.8411957961615715,-0.45143349259466126,-0.7241828737533845,0.4455649684817631,0.8942408718255633,0.11451808114315369,-0.7726984964348991,0.505039662469789,-0.46449653478388314,0.31731553662407685,0.7243652441433482
B206_mean,-0.9721752430952432,-0.40642950984645776,-0.4716668433073722,0.45598818447116785,0.7735489112440559,0.08007264592223003,-0.7857202957061598,0.5818597959673741,-0.5299168048386482,0.275665960789838,0.7414401949373612
B207_mean,-0.804603242841206,-0.5128073408106931,-0.637470073378868,0.40596126295240104,0.7999058965199634,0.14246133542670827,-0.8933317953240995,0.7724866149009606,-0.43859225090689596,0.27147059267517587,0.7806609972358325
B208_mean,-0.7845757132257539,-0.3527686601621163,-0.36405245992665547,0.43874962628577946,0.9422937396458004,-0.10478076570380354,-0.839550065292582,0.6490984291239182,-0.3729950639137169,0.30311056335353187,0.5891328827080174
B209_mean,-0.5489451940775388,-0.297474422707855,-0.4377576884860493,0.4201940498025545,1.1375652383888988,0.026329395601152612,-0.699847889091268,0.4236927843410016,-0.6458548658534039,0.053479510168193675,0.5280977701420991
B210_mean,-0.8347406483898817,-0.021892087760703983,-0.34236065064728316,0.41046645286678385,0.7708351428473483,0.31132899263207037,-0.8507075329046667,0.5650853430834757,-0.5904857395801615,-0.03749787670388815,0.5758903759920043
B211_mean,-0.6021887394058161,-0.06960108234962875,-0.03403806746603789,0.2437257128959532,1.2998108194487445,-0.15164659467676753,-0.7125996622499308,0.4933023567696635,-0.5562902933600321,-0.09659705611522731,0.41446927931684513
B212_mean,-0.48517818897410214,0.2075189506949727,-0.090610213970342,0.1829441104623608,1.180960087375331,-0.14268694718125077,-0.6220870022521107,0.4366632234763389,-0.56324335636265,-0.32322993905010017,0.35295366905445774
B213_mean,-0.4746439533502642,0.3086122729671791,0.19768798161462717,-0.04473348663009063,1.3775516369399559,-0.21301263022987507,-0.5300355894886548,0.33843070268096387,-0.754878919097877,-0.32262327110960265,0.30606808748442577
B214_mean,-1.0647753397641884,0.26456085403945984,-0.22497111907215456,0.1278750739822615,1.023617390305008,0.5008655559827426,-0.7855256142683222,0.5349564840192046,-0.7032786702237125,-0.39854256182542336,0.5640555216724092
B215_mean,-0.7720535179351674,0.2321458276898091,0.23471499256463435,-0.06429210482437525,1.609839450416457,-0.31715900395968116,-0.5126155163883687,0.40463078506284167,-0.5971316602535751,-0.32130585530800154,0.28752962382752284
B216_mean,-0.5800367679357382,0.6042177279758518,-0.01886016898077214,-0.2377543392386889,1.2880763997453852,0.19797696898343656,-0.5206642316114819,0.16111530945164082,-0.7541555307173403,-0.578884467751041,0.3887102590480922
B217_mean,-1.2632834903806534,0.7492480828671261,-0.003837127357503767,-0.28951835360484074,1.4223046437499398,-0.1925158633934233,-0.2748643513075501,0.42389484891431,-0.6311140306678793,-0.5597339671536683,0.26497293955552775
B218_mean,-1.3681596261803377,0.5745204946868799,0.09431812579817274,-0.2827583694446329,1.6117248761951046,-0.07266585330661257,-0.44235631844707696,0.31473466587444954,-0.46213544480452307,-0.474872002184461,0.3448277378439083
B219_mean,-1.0468254981129426,0.5852889590540744,-0.2522732515268779,-0.15569944110684214,1.1985852256158254,0.41887718217937964,-0.5145753204615051,0.15691505275198986,-0.7711470622601606,-0.5094764815833456,0.49303828368616437
B220_mean,-0.9572022681987189,0.40410638952932815,-0.1615320709626217,-0.3298152345651173,1.6243239529584377,-0.1442686298807049,-0.37642984956066317,0.27080178177191716,-0.582121625366173,-0.4635103510669627,0.4430292542393093
B221_mean,-0.8960090682796311,0.6368279326082974,0.16400786718038907,-0.4038388708517869,1.7022036597701504,-0.3427373798352755,-0.2810341662468732,0.069166337069235,-0.34365876601751394,-0.54297915991173,0.21883953446725407
B222_mean,-0.9876549297569847,0.9175936194650484,0.23122835032250957,-0.763339461731397,1.8193208963583973,-0.5320059646812636,0.0747877151870384,-0.012475086071172368,-0.20892869704230246,-0.796615153255159,0.04777005612939043
B223_mean,-2.278634233596211,0.884747767446747,-0.33674325888307527,-0.8455926717926026,1.379745690909808,1.9041834561074045,-0.6061852324218855,-0.15242163522725216,-0.7905121230318773,-0.6543384252156896,0.6915604448396875
B224_mean,-1.3661929303725147,0.5291144693365059,0.07395940203087159,-0.5602935932938372,1.5518198440037165,0.05994901554162515,-0.3360782274263252,0.15464717070439452,-0.6606781214608172,-0.574629578136532,0.5973211292662384
B225_mean,-1.2600264379515624,0.5762184276654064,0.2830648966773107,-0.8476732262601512,1.9004579421814494,0.3179062008938533,-0.37134691929673086,0.2958938017435502,-0.925991086431938,-0.8127624794534924,0.528374181057431
B226_mean,-1.0380535173397425,0.7535001159159542,0.32607841039518903,-0.8123352291766093,1.9267557569050862,-0.3511772273266571,-0.26522625976302766,0.3849023083824682,-0.5206646427360517,-0.5633843947786532,0.22066313129167137
B227_mean,-1.0264795059294636,1.1105184683666105,0.6096100040690781,-1.2948912824917633,2.1178302188759037,-0.6623971288509868,0.40564996714260965,-0.11024061958185778,-0.10222654923581409,-0.7611281353476985,-0.284988707841805
B228_mean,-3.488733138656023,0.37513325585571006,-0.5165074091156604,-0.6979692421963276,0.363238581822781,3.0491570157735053,-0.7102062502418902,0.3531189111125637,-0.8150052021642215,-0.8067066979583001,1.1786468662503016
B229_mean,-1.5457819787134224,0.5080799812389531,0.1795202720593678,-0.6155363739785595,2.227222066078912,-0.6078913644575239,-0.10600088967601286,0.3176334510219126,-0.16844594818032038,-0.44170041926956577,0.12615828824814115
B230_mean,-2.037896934868853,0.8712809026476739,-0.1283054447025547,-0.8318689457367487,1.6506096810115707,0.6534687331969917,-0.23217105719054235,0.01771174138548125,-0.5614045275508917,-0.9211363203154608,0.592646696442533
B231_mean,-2.12133430490502,1.1662103980234262,0.1846746814812622,-1.151952892902501,2.242372836246831,0.3984745377328014,0.1922524065850537,-0.15685099448504336,-0.463200790648349,-0.987050420857011,0.018842164912771138
B232_mean,-2.852408089902099,0.11697521638936248,-2.096670762076953,-2.8636433947936215,3.0599262235783558,5.82752358318472,0.2574773739740411,-0.11824518829998085,0.7440819559251007,-1.3945859198571962,-0.8446476510239593
B233_mean,1.21060538013576,1.3200592999716747,-1.7185115450693034,-2.6910608033925865,0.8082490822289794,1.85941918286182,1.7912321002800276,0.4206594400262966,-0.05099722035992594,-1.186478033504054,-1.8193179343076629
B234_mean,0.3845037001626003,-0.9900430156235354,3.7925554142445406,-0.6112571990263893,-1.15760568320225,-3.1163502037929405,1.4526378049138886,0.9935266497951974,1.314324478673571,-0.2071922616771414,-0.9226605018108341
